Name;Updated SMILES;Biološka uporabnost (%);;
3-Ketodesogestrel;OC1(CCC2C3C(C4C(=CC(=O)CC4)CC3)C(CC12CC)=C)C#C;76,0;;
Abacavir;OCC1CC(n2c3nc(nc(NC4CC4)c3nc2)N)C=C1;83,0;;
Abecarnil;O(Cc1ccccc1)C=1C=CC2=NC=3C(=C2C=1)C(COC)=C(NC=3)C(OC(C)C)=O;92,0;;
Acadesine;NC(=O)c1ncn(C2OC(CO)C(O)C2O)c1N;10,0;;
Acamprosate;S(O)(=O)(=O)CCCNC(=O)C;11,0;;
Acarbose;O1C(C)C(NC2C=C(CO)C(O)C(O)C2O)C(O)C(O)C1OC1C(O)C(O)C(OC1CO)OC1C(O)C(O)C(OC1CO)O;2,0;;
Acebutolol;O(CC(O)CNC(C)C)c1ccc(NC(=O)CCC)cc1C(=O)C;38,5;;
Acenocoumarol;O1c2c(cccc2)C(O)=C(C(CC(=O)C)c2ccc([N+](=O)[O-])cc2)C1=O;60,0;;
Acepromazine;S1c2c(N(c3c1cccc3)CCCN(C)C)cc(cc2)C(=O)C;55,0;;
Acetaminophen;Oc1ccc(NC(=O)C)cc1;80,5;;
Acetazolamide;s1c(nnc1S(=O)(=O)N)NC(=O)C;99,0;;
Acetohydroxamic Acid;O=C(NO)C;55,0;;
Acetylcarnitine;CC(=O)OC(CC(=O)[O-])C[N+](C)(C)C;10,0;;
Acetylcysteine;SCC(NC(=O)C)C(O)=O;7,5;;
Acetyldigitoxin;O1C(C)C(OC2OC(C)C(O)C(OC(=O)C)C2)C(O)CC1OC1C(OC(OC2CC3CCC4C(CCC5(C)C(CCC45O)C4=CC(OC4)=O)C3(CC2)C)CC1O)C;70,0;;
Aciclovir;O=C1NC(=Nc2n(cnc12)COCCO)N;20,0;;
Acipimox;OC(=O)c1ncc([n+]([O-])c1)C;95,0;;
Acitretin;O(C)c1cc(C)c(C=CC(=CC=CC(=CC(O)=O)C)C)c(C)c1C;59,5;;
Acrivastine;OC(=O)C=Cc1nc(ccc1)C(=CCN1CCCC1)c1ccc(cc1)C;18,0;;
Adefovir;P(O)(O)(=O)COCCn1c2ncnc(N)c2nc1;12,0;;
Adefovir Dipivoxil;CC(C)(C)C(=O)OCOP(=O)(COCCn1cnc2c(N)ncnc12)OCOC(=O)C(C)(C)C;12,0;;
Adinazolam;Clc1cc2c(-n3c(nnc3CN(C)C)CN=C2c2ccccc2)cc1;39,0;;
Albendazole;S(CCC)c1cc2nc([nH]c2cc1)NC(OC)=O;5,0;;
Alcuronium;OCC=C1C2C=3C4N(C=C5C6CC7[N+](CC6=CCO)(CCC67C5N(C=3)c3c6cccc3)CC=C)c3c(C45C([N+](C1)(CC5)CC=C)C2)cccc3;0,0;;
Alendronate;P(O)(O)(=O)C(P(O)(O)=O)(O)CCCN;0,8;;
Alfacalcidol;OC1CC(O)CC(=CC=C2C3CCC(C(CCCC(C)C)C)C3(CCC2)C)C1=C;71,0;;
Alfentanil;CCN1N=NN(CCN2CCC(CC2)(COC)N(C(=O)CC)c3ccccc3)C1=O;1,0;;
Alfuzosin;O1CCCC1C(=O)NCCCN(C)c1nc(N)c2cc(OC)c(OC)cc2n1;52,0;;
Aliskiren;O(CCCOC)c1cc(ccc1OC)CC(C(C)C)CC(N)C(O)CC(C(C)C)C(=O)NCC(C(=O)N)(C)C;2,5;;
Alizapride;O(C)c1cc2[nH]nnc2cc1C(=O)NCC1N(CCC1)CC=C;84,0;;
Allopurinol;O=C1NC=Nc2[nH]ncc12;65,5;;
Almitrine;Fc1ccc(cc1)C(N1CCN(CC1)c1nc(nc(n1)NCC=C)NCC=C)c1ccc(F)cc1;63,0;;
Almotriptan;S(=O)(=O)(N1CCCC1)Cc1cc2c([nH]cc2CCN(C)C)cc1;70,0;;
Alosetron;O=C1N(CCc2n(c3c(c12)cccc3)C)Cc1nc[nH]c1C;55,0;;
Alprazolam;Clc1cc2c(-n3c(nnc3C)CN=C2c2ccccc2)cc1;86,5;;
Alprenolol;O(CC(O)CNC(C)C)c1ccccc1CC=C;8,0;;
Alprostadil;OC1CC(=O)C(CCCCCCC(O)=O)C1C=CC(O)CCCCC;15,0;;
Alvimopan;Oc1cc(ccc1)C1(CCN(CC1C)CC(Cc1ccccc1)C(=O)NCC(O)=O)C;6,0;;
Amantadine;NC12CC3CC(C1)CC(C2)C3;88,0;;
Ambroxol;Brc1cc(Br)cc(CNC2CCC(O)CC2)c1N;77,0;;
Amdinocillin_pivoxil;S1C2N(C(C(OCOC(=O)C(C)(C)C)=O)C1(C)C)C(=O)C2N=CN1CCCCCC1;0,0;;
Amezinium;O(C)c1[n+](ncc(N)c1)-c1ccccc1;58,0;;
Amifostine;S(P(O)(O)=O)CCNCCCN;99,5;;
Amikacin;O1C(CN)C(O)C(O)C(O)C1OC1C(O)C(OC2OC(CO)C(O)C(N)C2O)C(NC(=O)C(O)CCN)CC1N;0,0;;
Aminocamptothecin;OC1(C2=C(CCC1=O)C(=O)N1C(=C2)c2nc3c(cc2C1)c(N)ccc3)CC;49,0;;
Aminoglutethimide;O=C1NC(=O)CCC1(CC)c1ccc(N)cc1;97,5;;
Aminolevulinic_acid;OC(=O)CCC(=O)CN;60,0;;
Amisulpride;S(=O)(=O)(CC)c1cc(C(=O)NCC2N(CCC2)CC)c(OC)cc1N;48,0;;
Amitriptyline;N(CCC=C1c2c(CCc3c1cccc3)cccc2)(C)C;46,5;;
Amlodipine;Clc1ccccc1C1C(C(OCC)=O)=C(NC(C)=C1C(OC)=O)COCCN;71,0;;
Amobarbital;CCC1(CCC(C)C)C(=O)NC(=O)NC1=O;95,0;;
Amodiaquine;Clc1cc2nccc(Nc3cc(CN(CC)CC)c(O)cc3)c2cc1;75,0;;
Amosulalol;S(=O)(=O)(N)c1cc(ccc1C(O)CNCCOc1ccccc1OC)C;99,0;;
Amoxapine;Clc1cc2c(Oc3c(N=C2N2CCNCC2)cccc3)cc1;36,0;;
Amoxicillin;S1C2N(C(C(O)=O)C1(C)C)C(=O)C2NC(=O)C(N)c1ccc(O)cc1;88,3;;
Amphotericin_B;CC1C=CC=CC=CC=CC=CC=CC=CC(CC2C(C(CC(O2)(CC(CC(C(CCC(CC(CC(=O)OC(C(C1O)C)C)O)O)O)O)O)O)O)C(=O)O)OC3C(C(C(C(O3)C)O)N)O;3,0;;
Ampicillin;S1C2N(C(C(O)=O)C1(C)C)C(=O)C2NC(=O)C(N)c1ccccc1;53,5;;
Ampiroxicam;S1(=O)(=O)N(C)C(C(=O)Nc2ncccc2)=C(OC(OC(OCC)=O)C)c2c1cccc2;0,0;;
Amrinone;O=C1NC=C(C=C1N)c1ccncc1;93,0;;
Amsalog;S(=O)(=O)(Nc1cc(OC)c(Nc2c3c(nc4c2cccc4C)c(ccc3)C(=O)NC)cc1)C;34,0;;
Anagrelide;Clc1c2CN3CC(=O)NC3=Nc2ccc1Cl;75,0;;
Anastrozole;n1cn(nc1)Cc1cc(cc(c1)C(C#N)(C)C)C(C#N)(C)C;80,0;;
Anisotropine Methylbromide;O(C(=O)C(CCC)CCC)C1CC2[N+](C(C1)CC2)(C)C;17,5;;
Antipyrine;O=C1N(N(C)C(=C1)C)c1ccccc1;99,0;;
Antrafenine;FC(F)(F)c1cc(N2CCN(CC2)CCOC(=O)c2ccccc2Nc2c3c(ncc2)cc(cc3)C(F)(F)F)ccc1;99,0;;
Apomorphine;Oc1c-2c(CC3N(CCc4c3c-2ccc4)C)ccc1O;10,0;;
Aprepitant;Fc1ccc(cc1)C1N(CCOC1OC(C)c1cc(cc(c1)C(F)(F)F)C(F)(F)F)CC1=NC(=O)NN1;62,5;;
Aprindine;N(CCCN(CC)CC)(C1Cc2c(C1)cccc2)c1ccccc1;85,0;;
Arbekacin;O1C(CO)C(O)C(N)C(O)C1OC1C(O)C(OC2OC(CCC2N)CN)C(N)CC1NC(=O)C(O)CCN;0,0;;
Aripiprazole;Clc1c(N2CCN(CC2)CCCCOc2cc3NC(=O)CCc3cc2)cccc1Cl;87,0;;
Artemether;O1C2OC3(OOC24C(CCC(C4CC3)C)C(C)C1OC)C;58,0;;
Astemizole;COc1ccc(CCN2CCC(CC2)Nc3nc4ccccc4n3Cc5ccc(F)cc5)cc1;2,0;;
Atazanavir;O(C(=O)NC(C(C)(C)C)C(=O)NC(Cc1ccccc1)C(O)CN(NC(=O)C(NC(OC)=O)C(C)(C)C)Cc1ccc(cc1)-c1ncccc1)C;64,0;;
Atenolol;O(CC(O)CNC(C)C)c1ccc(cc1)CC(=O)N;50,5;;
Atomoxetine;O(C(CCNC)c1ccccc1)c1ccccc1C;84,5;;
Atovaquone;Clc1ccc(cc1)C1CCC(CC1)C1=C(O)C(=O)c2c(cccc2)C1=O;23,0;;
Atropine (DL);O(C(=O)C(CO)c1ccccc1)C1CC2N(C(C1)CC2)C;50,0;;
Avitriptan;S(=O)(=O)(NC)Cc1cc2c([nH]cc2CCCN2CCN(CC2)c2ncncc2OC)cc1;17,2;;
Azathioprine;S(c1n(cnc1[N+](=O)[O-])C)c1ncnc2nc[nH]c12;60,0;;
Azelastine;Clc1ccc(cc1)CC1=NN(C2CCCN(CC2)C)C(=O)c2c1cccc2;99,0;;
azidocillin;CC1(C(N2C(S1)C(C2=O)NC(=O)C(C3=CC=CC=C3)N=[N+]=[N-])C(=O)O)C;60,0;;
Azithromycin;O1C(CC)C(O)(C)C(O)C(N(CC(CC(O)(C)C(OC2OC(CC(N(C)C)C2O)C)C(C)C(OC2OC(C)C(O)C(OC)(C2)C)C(C)C1=O)C)C)C;36,3;;
Azlocillin;S1C2N(C(C(O)=O)C1(C)C)C(=O)C2NC(=O)C(NC(=O)N1CCNC1=O)c1ccccc1;0,0;;
Azosemide;Clc1cc(NCc2sccc2)c(cc1S(=O)(=O)N)-c1[nH]nnn1;10,0;;
Aztreonam;s1cc(nc1N)C(=NOC(C(O)=O)(C)C)C(=O)NC1C(N(S(O)(=O)=O)C1=O)C;1,0;;
Baclofen;Clc1ccc(cc1)C(CC(O)=O)CN;95,0;;
Balsalazide;O=C1C=CC(=NNc2ccc(cc2)C(=O)NCCC(O)=O)C=C1C(O)=O;0,0;;
Bambuterol;O(C(=O)N(C)C)c1cc(cc(OC(=O)N(C)C)c1)C(O)CNC(C)(C)C;17,5;;
Barnidipine;CC1=C(C(C(=C(N1)C)C(=O)OC2CCN(C2)CC3=CC=CC=C3)C4=CC(=CC=C4)[N+](=O)[O-])C(=O)OC;1,0;;
Benazepril;O=C1N(c2c(CCC1NC(CCc1ccccc1)C(OCC)=O)cccc2)CC(O)=O;18,0;;
Bencyclane;O(CCCN(C)C)C1(CCCCCC1)Cc1ccccc1;51,0;;
Bendroflumethiazide;S(=O)(=O)(N)c1cc2S(=O)(=O)NC(Nc2cc1C(F)(F)F)Cc1ccccc1;95,0;;
Benperidol;Fc1ccc(cc1)C(=O)CCCN1CCC(N2c3c(NC2=O)cccc3)CC1;40,0;;
Benzquinamide;O(C(=O)C)C1CC2N(CC1C(=O)N(CC)CC)CCc1cc(OC)c(OC)cc12;36,0;;
Benztropine;O(C(c1ccccc1)c1ccccc1)C1CC2N(C(C1)CC2)C;29,0;;
Benzydamine;O(CCCN(C)C)c1nn(c2c1cccc2)Cc1ccccc1;87,0;;
Bepridil;O(CC(C)C)CC(N(Cc1ccccc1)c1ccccc1)CN1CCCC1;75,5;;
Beta-carotene;C1CCC(C)=C(C=CC(=CC=CC(=CC=CC=C(C=CC=C(C=CC=2C(CCCC=2C)(C)C)C)C)C)C)C1(C)C;25,0;;
Betaxolol;O(CC(O)CNC(C)C)c1ccc(cc1)CCOCC1CC1;87,0;;
Bevantolol;O(C)c1cc(ccc1OC)CCNCC(O)COc1cc(ccc1)C;57,0;;
Bezafibrate;Clc1ccc(cc1)C(=O)NCCc1ccc(OC(C(O)=O)(C)C)cc1;99,0;;
Bifemelane;O(CCCCNC)c1ccccc1Cc1ccccc1;13,0;;
Biotin;S1CC2NC(=O)NC2C1CCCCC(O)=O;99,0;;
Biperiden;OC(CCN1CCCCC1)(C1C2CC(C1)C=C2)c1ccccc1;31,5;;
Bisacodyl;O(C(=O)C)c1ccc(cc1)C(c1ccc(OC(=O)C)cc1)c1ncccc1;15,0;;
Bisoprolol;O(CC(O)CNC(C)C)c1ccc(cc1)COCCOC(C)C;92,5;;
Bosentan;S(=O)(=O)(Nc1nc(nc(OCCO)c1Oc1ccccc1OC)-c1ncccn1)c1ccc(cc1)C(C)(C)C;50,0;;
BRETYLIUM;Brc1ccccc1C[N+](CC)(C)C;23,0;;
Bromazepam;Brc1cc2c(NC(=O)CN=C2c2ncccc2)cc1;84,0;;
Bromfenac;Brc1ccc(cc1)C(=O)c1cccc(CC(O)=O)c1N;67,0;;
Bromhexine;Brc1cc(Br)cc(CN(C)C2CCCCC2)c1N;77,5;;
Bromocriptine;CC(C)CC1C(=O)N2CCCC2C3(N1C(=O)C(O3)(C(C)C)NC(=O)C4CN(C5CC6=C(NC7=CC=CC(=C67)C5=C4)Br)C)O;28,0;;
Bromopride;Brc1cc(C(=O)NCCN(CC)CC)c(OC)cc1N;65,0;;
Brompheniramine;Brc1ccc(cc1)C(CCN(C)C)c1ncccc1;89,0;;
Brotizolam;Brc1sc2-n3c(nnc3C)CN=C(c2c1)c1ccccc1Cl;70,5;;
Bucindolol;O(CC(O)CNC(Cc1c2c([nH]c1)cccc2)(C)C)c1ccccc1C#N;30,0;;
Budesonide;O1C2(C(OC1CCC)CC1C3C(C4(C(=CC(=O)C=C4)CC3)C)C(O)CC12C)C(=O)CO;17,3;;
Budipine;N1(CCC(CC1)(c1ccccc1)c1ccccc1)C(C)(C)C;47,0;;
Buflomedil;O(C)c1cc(OC)cc(OC)c1C(=O)CCCN1CCCC1;65,0;;
Bufuralol;CCC1=CC=CC2=C1OC(=C2)C(CNC(C)(C)C)O;46,0;;
Bumetanide;S(=O)(=O)(N)c1cc(cc(NCCCC)c1Oc1ccccc1)C(O)=O;85,0;;
Bupivacaine;O=C(Nc1c(cccc1C)C)C1N(CCCC1)CCCC;0,0;;
Buprenorphine;O1C2C34C5(CC(C(O)(C(C)(C)C)C)C2(OC)CC5)C(N(CC3)CC2CC2)Cc2c4c1c(O)cc2;28,0;;
Buspirone;O=C1N(CCCCN2CCN(CC2)c2ncccn2)C(=O)CC2(C1)CCCC2;3,9;;
Busulfan;S(OCCCCOS(=O)(=O)C)(=O)(=O)C;70,0;;
Butalbital;O=C1NC(=O)NC(=O)C1(CC(C)C)CC=C;58,8;;
Butorphanol;OC12C3(CCCC1)CCN(C2Cc1c3cc(O)cc1)CC1CCC1;17,0;;
Butylscopolamine;O1C2C3[N+](C(CC(OC(=O)C(CO)c4ccccc4)C3)C12)(CCCC)C;0,0;;
Cabergoline;O=C(N(CCCN(C)C)C(=O)NCC)C1CC2C(N(C1)CC=C)Cc1c3c2cccc3[nH]c1;65,0;;
Caffeine;O=C1N(C)C(=O)N(c2ncn(c12)C)C;98,5;;
Calcipotriol;OC1CC(O)CC(=CC=C2C3CCC(C(C=CC(O)C4CC4)C)C3(CCC2)C)C1=C;5,3;;
Calcitriol;OC1CC(O)CC(=CC=C2C3CCC(C(CCCC(O)(C)C)C)C3(CCC2)C)C1=C;61,0;;
Capecitabine;FC1=CN(C2OC(C)C(O)C2O)C(=O)N=C1NC(OCCCCC)=O;94,5;;
Captopril;SCC(C(=O)N1CCCC1C(O)=O)C;70,8;;
Carbamazepine;O=C(N)N1c2c(C=Cc3c1cccc3)cccc2;85,0;;
Carbenicillin;S1C2N(C(C(O)=O)C1(C)C)C(=O)C2NC(=O)C(C(O)=O)c1ccccc1;35,0;;
Carbimazole;S=C1N(C=CN1C)C(OCC)=O;0,0;;
Carmustine;ClCCN(N=O)C(=O)NCCCl;11,5;;
Carteolol;O(CC(O)CNC(C)(C)C)c1c2CCC(=O)Nc2ccc1;86,5;;
Carvedilol (racemic);O(CCNCC(OCc1c2c3c([nH]c2ccc1)cccc3)O)c1ccccc1OC;25,0;;
Cefacetrile;S1C2N(C(=O)C2NC(=O)CC#N)C(C(O)=O)=C(C1)COC(=O)C;0,0;;
Cefaclor;ClC=1CSC2N(C(=O)C2NC(=O)C(N)c2ccccc2)C=1C(O)=O;90,0;;
Cefadroxil;S1C2N(C(=O)C2NC(=O)C(N)c2ccc(O)cc2)C(C(O)=O)=C(C1)C;95,0;;
Cefamandole;Cn1nnnc1SCC2=C(N3C(SC2)C(NC(=O)C(O)c4ccccc4)C3=O)C(=O)O;96,0;;
Cefatrizine;S1C2N(C(=O)C2NC(=O)C(N)c2ccc(O)cc2)C(C(O)=O)=C(C1)CSc1nn[nH]c1;66,0;;
cefazolin;s1c(nnc1SCC=1CSC2N(C(=O)C2NC(=O)Cn2nnnc2)C=1C(O)=O)C;0,0;;
Cefdinir;C=CC1=C(N2C(C(C2=O)NC(=O)C(=NO)C3=CSC(=N3)N)SC1)C(=O)O;18,5;;
Cefditoren;s1cnc(C)c1C=CC=1CSC2N(C(=O)C2NC(=O)C(=NOC)c2nc(sc2)N)C=1C(O)=O;14,0;;
Cefepime;s1cc(nc1N)C(=NOC)C(=O)NC1C2SCC(C[N+]3(CCCC3)C)=C(N2C1=O)C(O)=O;99,0;;
Cefetamet;s1cc(nc1N)C(=NOC)C(=O)NC1C2SCC(C)=C(N2C1=O)C(O)=O;47,0;;
Cefixime;s1cc(nc1N)C(=NOCC(O)=O)C(=O)NC1C2SCC(C=C)=C(N2C1=O)C(O)=O;43,5;;
Cefodizime;s1c(CC(O)=O)c(nc1SCC=1CSC2N(C(=O)C2NC(=O)C(=NOC)c2nc(sc2)N)C=1C(O)=O)C;0,0;;
Cefoperazone;S1C2N(C(=O)C2NC(=O)C(NC(=O)N2CCN(CC)C(=O)C2=O)c2ccc(O)cc2)C(C(O)=O)=C(C1)CSc1nnnn1C;10,0;;
Cefoxitin;COC1(C2N(C1=O)C(=C(CS2)COC(=O)N)C(=O)O)NC(=O)CC3=CC=CS3;0,0;;
Cefpodoxime Proxetil;s1cc(nc1N)C(=NOC)C(=O)NC1C2SCC(COC)=C(N2C1=O)C(OC(OC(OC(C)C)=O)C)=O;51,0;;
Cefprozil;S1C2N(C(=O)C2NC(=O)C(N)c2ccc(O)cc2)C(C(O)=O)=C(C1)C=CC;92,5;;
Ceftazidime;s1cc(nc1N)C(=NOC(C(O)=O)(C)C)C(=O)NC1C2SCC(C[n+]3ccccc3)=C(N2C1=O)C(O)=O;0,0;;
Ceftibuten;s1cc(nc1N)C(=CCC(O)=O)C(=O)NC1C2SCC=C(N2C1=O)C(O)=O;82,5;;
Ceftizoxime;s1cc(nc1N)C(=NOC)C(=O)NC1C2SCC=C(N2C1=O)C(O)=O;0,0;;
Ceftriaxone;CON=C(C(=O)NC1C2SCC(=C(N2C1=O)C(=O)O)CSC3=NC(=O)C(=O)NN3C)c4csc(N)n4;0,0;;
Cefuroxime;S1C2N(C(=O)C2NC(=O)C(=NOC)c2occc2)C(C(O)=O)=C(C1)COC(=O)N;38,5;;
Celiprolol;O(CC(O)CNC(C)(C)C)c1ccc(NC(=O)N(CC)CC)cc1C(=O)C;45,0;;
Cephalexin;S1C2N(C(=O)C2NC(=O)C(N)c2ccccc2)C(C(O)=O)=C(C1)C;90,0;;
Cephalothin;s1cccc1CC(=O)NC1C2SCC(COC(=O)C)=C(N2C1=O)C(O)=O;0,0;;
Cephapirin;S1C2N(C(=O)C2NC(=O)CSc2ccncc2)C(C(O)=O)=C(C1)COC(=O)C;0,0;;
Cephradine;S1C2N(C(=O)C2NC(=O)C(N)C=2CC=CCC=2)C(C(O)=O)=C(C1)C;92,0;;
Cerivastatin;Fc1ccc(cc1)-c1c(COC)c(nc(C(C)C)c1C=CC(O)CC(O)CC(O)=O)C(C)C;60,0;;
Cetirizine;Clc1ccc(cc1)C(N1CCN(CC1)CCOCC(O)=O)c1ccccc1;85,0;;
Chlorambucil;ClCCN(CCCl)c1ccc(cc1)CCCC(O)=O;82,0;;
Chloramphenicol;ClC(Cl)C(=O)NC(C(O)c1ccc([N+](=O)[O-])cc1)CO;82,3;;
Chloramphenicol_palmitate;ClC(Cl)C(=O)NC(C(O)c1ccc([N+](=O)[O-])cc1)COC(=O)CCCCCCCCCCCCCCC;81,3;;
Chlordiazepoxide;Clc1cc2c(N=C(NC)C[N+]([O-])=C2c2ccccc2)cc1;99,0;;
Chlorhexidine;Clc1ccc(NC(=NC(=NCCCCCCN=C(N=C(Nc2ccc(Cl)cc2)N)N)N)N)cc1;1,0;;
Chlormezanone;Clc1ccc(cc1)C1S(=O)(=O)CCC(=O)N1C;99,0;;
Chloroquine;Clc1cc2nccc(N(CCCCN(CC)CC)C)c2cc1;80,0;;
Chlorothiazide;Clc1cc2N=CNS(=O)(=O)c2cc1S(=O)(=O)N;20,0;;
Chloroxine;Clc1cc(Cl)c2c(nccc2)c1O;89,0;;
Chlorpheniramine;Clc1ccc(N(CCN(C)C)c2ncccc2)cc1;39,3;;
Chlorpromazine;Clc1cc2N(c3c(Sc2cc1)cccc3)CCCN(C)C;37,5;;
CHLORPROPAMIDE;Clc1ccc(S(=O)(=O)NC(=O)NCCC)cc1;95,0;;
Chlorprothixene;Clc1cc2c(Sc3c(cccc3)C2=CCCN(C)C)cc1;41,0;;
Chlortetracycline;CC1(C2CC3C(C(=O)C(=C(C3(C(=O)C2=C(C4=C(C=CC(=C41)Cl)O)O)O)O)C(=O)N)N(C)C)O;30,0;;
Cibenzoline;N1CCN=C1C1CC1(c1ccccc1)c1ccccc1;86,0;;
Cicaprost;OC1CC2C(CC(C2)=CCOCC(O)=O)C1C#CC(O)C(CC#CCC)C;99,0;;
Ciclesonide;O1C2(C(OC1C1CCCCC1)CC1C3C(C4(C(=CC(=O)C=C4)CC3)C)C(O)CC12C)C(=O)COC(=O)C(C)C;1,0;;
Cicloprolol;CC(C)NCC(COC1=CC=C(C=C1)OCCOCC2CC2)O;99,0;;
Cidofovir;P(O)(O)(=O)COC(CN1C=CC(=NC1=O)N)CO;5,0;;
CILAZAPRIL;O=C1N2N(CCCC1NC(CCc1ccccc1)C(OCC)=O)CCCC2C(O)=O;60,0;;
Cilazaprilat;O=C1N2N(CCCC1NC(CCc1ccccc1)C(O)=O)CCCC2C(O)=O;26,0;;
Cilomilast;O(c1cc(ccc1OC)C1(CCC(CC1)C(O)=O)C#N)C1CCCC1;99,0;;
Cimetidine;S(Cc1nc[nH]c1C)CCNC(=NC)NC#N;62,5;;
Cimetropium;O1C2C3[N+](C(CC(OC(=O)C(CO)c4ccccc4)C3)C12)(CC1CC1)C;2,0;;
Cinacalcet;FC(F)(F)c1cc(ccc1)CCCNC(C)c1c2c(ccc1)cccc2;21,3;;
Cinolazepam;Clc1cc2c(N(CCC#N)C(=O)C(O)N=C2c2ccccc2F)cc1;95,0;;
cinoxacin;O1c2c(OC1)cc1N(N=C(C(O)=O)C(=O)c1c2)CC;72,5;;
Ciprofibrate;ClC1(Cl)CC1c1ccc(OC(C(O)=O)(C)C)cc1;99,0;;
Ciprofloxacin;Fc1cc2c(nc1N1CCCCC1)N(C=C(C(O)=O)C2=O)C1CC1;65,0;;
Cisapride;Clc1cc(C(=O)NC2CCN(CC2OC)CCCOc2ccc(F)cc2)c(OC)cc1N;37,5;;
Cladribine;Clc1nc(N)c2ncn(c2n1)C1OC(CO)C(O)C1;44,5;;
Clarithromycin;O1C(CC)C(O)(C)C(O)C(C)C(=O)C(CC(OC)(C)C(OC2OC(CC(N(C)C)C2O)C)C(C)C(OC2OC(C)C(O)C(OC)(C2)C)C(C)C1=O)C;52,5;;
Clavulanic Acid (Clavulanate);O1C2N(C(C(O)=O)C1=CCO)C(=O)C2;75,0;;
Clemastine;Clc1ccc(cc1)C(OCCC1N(CCC1)C)(C)c1ccccc1;38,1;;
Clenbuterol;Clc1cc(cc(Cl)c1N)C(O)CNC(C)(C)C;97,0;;
Clinafloxacin;Clc1c2N(C=C(C(O)=O)C(=O)c2cc(F)c1N1CC(N)CC1)C1CC1;90,0;;
Clindamycin;ClC(C(NC(=O)C1N(CC(C1)CCC)C)C1OC(SC)C(O)C(O)C1O)C;88,5;;
Clodronate;ClC(Cl)(P(O)(O)=O)P(O)(O)=O;1,0;;
Clofarabine;Clc1nc(N)c2ncn(c2n1)C1OC(CO)C(O)C1F;50,0;;
Clofazimine;Clc1ccc(N2C3=CC(=NC(C)C)C(Nc4ccc(Cl)cc4)=CC3=Nc3c2cccc3)cc1;57,0;;
Clofibrate;Clc1ccc(OC(C(OCC)=O)(C)C)cc1;95,0;;
Clomethiazole;ClCCc1scnc1C;25,0;;
Clomifene;ClC(=C(c1ccc(OCCN(CC)CC)cc1)c1ccccc1)c1ccccc1;92,5;;
Clomipramine;Clc1cc2N(c3c(CCc2cc1)cccc3)CCCN(C)C;50,5;;
Clonazepam;Clc1ccccc1C1=NCC(=O)Nc2c1cc([N+](=O)[O-])cc2;94,0;;
Clonidine;Clc1cccc(Cl)c1N=C1NCCN1;85,0;;
Clopidogrel;Clc1ccccc1C(N1CCc2sccc2C1)C(OC)=O;52,5;;
Clorazepate;Clc1cc2c(NC(=O)C(N=C2c2ccccc2)C(O)=O)cc1;91,0;;
Clotrimazole;Clc1ccccc1C(n1ccnc1)(c1ccccc1)c1ccccc1;0,0;;
Cloxacillin;Clc1ccccc1-c1noc(C)c1C(=O)NC1C2SC(C)(C)C(N2C1=O)C(O)=O;51,5;;
Clozapine;Clc1cc2N=C(N3CCN(CC3)C)c3c(Nc2cc1)cccc3;60,0;;
COCAINE;O(C(=O)c1ccccc1)C1CC2N(C(CC2)C1C(OC)=O)C;57,0;;
Codeine;O1C2C34C(C(N(CC3)C)Cc3c4c1c(OC)cc3)C=CC2O;70,0;;
Colchicine;O(C)C1=CC=C2C(=CC1=O)C(NC(=O)C)CCc1c2c(OC)c(OC)c(OC)c1;47,5;;
Colistin;S(O)(=O)(=O)CNCCC1NC(=O)C(NC(=O)C(NC(=O)C(NC(=O)C(NC(=O)C(NC(=O)C(NC(=O)C(NC(=O)C(NC(=O)CCCCC(CC)C)CCNCS(O)(=O)=O)C(O)C)CCNCS(O)(=O)=O)CCNC(=O)C(NC1=O)C(O)C)CCNCS(O)(=O)=O)CC(C)C)CC(C)C)CCNCS(O)(=O)=O;0,0;;
Conivaptan;O=C(N1CCc2nc([nH]c2-c2c1cccc2)C)c1ccc(NC(=O)c2ccccc2-c2ccccc2)cc1;42,0;;
Cotinine;O=C1N(C)C(CC1)c1cccnc1;97,0;;
Coumarin;O1c2c(C=CC1=O)cccc2;3,0;;
Cyclobenzaprine;N(CCC=C1c2c(C=Cc3c1cccc3)cccc2)(C)C;50,0;;
Cyclopenthiazide;Clc1cc2NC(NS(=O)(=O)c2cc1S(=O)(=O)N)CC1CCCC1;99,0;;
Cyclophosphamide;ClCCN(P1(OCCCN1)=O)CCCl;74,5;;
Cycloserine;O1NC(=O)C(N)C1;80,0;;
Cyclosporine;O=C1N(C)C(C(O)C(CC=CC)C)C(=O)NC(CC)C(=O)N(CC(=O)N(C)C(CC(C)C)C(=O)NC(C(C)C)C(=O)N(C)C(CC(C)C)C(=O)NC(C)C(=O)NC(C)C(=O)N(C)C(CC(C)C)C(=O)N(C)C(CC(C)C)C(=O)N(C)C1C(C)C)C;30,0;;
Cyproterone;ClC=1C2=CC(=O)C3C(C3)C2(C2C(C3CCC(O)(C(=O)C)C3(CC2)C)C=1)C;99,0;;
Cytarabine;O1C(CO)C(O)C(O)C1N1C=CC(=NC1=O)N;20,0;;
Dantrolene;o1c(ccc1C=NN1CC(=O)NC1=O)-c1ccc([N+](=O)[O-])cc1;70,0;;
Dapsone;S(=O)(=O)(c1ccc(N)cc1)c1ccc(N)cc1;84,0;;
Daptomycin;O1C(C)C(NC(=O)C(NC(=O)C(NC(=O)C(NC(=O)CCCCCCCCC)Cc2c3c([nH]c2)cccc3)CC(=O)N)CC(O)=O)C(=O)NCC(=O)NC(CCCN)C(=O)NC(CC(O)=O)C(=O)NC(C)C(=O)NC(CC(O)=O)C(=O)NCC(=O)NC(CO)C(=O)NC(C(CC(O)=O)C)C(=O)NC(CC(=O)c2ccccc2N)C1=O;0,0;;
Darifenacin;O1CCc2cc(ccc12)CCN1CC(CC1)C(C(=O)N)(c1ccccc1)c1ccccc1;17,0;;
Darunavir;S(=O)(=O)(N(CC(C)C)CC(O)C(NC(OC1C2CCOC2OC1)=O)Cc1ccccc1)c1ccc(N)cc1;37,0;;
Dasatinib;Clc1cccc(C)c1NC(=O)c1sc(nc1)Nc1nc(nc(N2CCN(CC2)CCO)c1)C;15,0;;
Deferasirox;O=C1C=CC=CC1=C1NC(NN1c1ccc(cc1)C(O)=O)=C1C=CC=CC1=O;70,0;;
Deferoxamine;O=C(N(O)CCCCCNC(=O)CCC(=O)N(O)CCCCCN)CCC(=O)NCCCCCN(O)C(=O)C;5,0;;
Deflazacort;O1C2CC3C4C(C5(C(=CC(=O)C=C5)CC4)C)C(O)CC3(C)C2(N=C1C)C(=O)COC(=O)C;68,0;;
Delapril;O(C(=O)C(NC(C(=O)N(CC(O)=O)C1Cc2c(C1)cccc2)C)CCc1ccccc1)CC;55,0;;
Delavirdine;S(=O)(=O)(Nc1cc2cc([nH]c2cc1)C(=O)N1CCN(CC1)c1ncccc1NC(C)C)C;85,0;;
Demeclocycline;Clc1c2c(C(=O)C=3C(CC4C(O)(C(=O)C(C(=O)N)=C(O)C4N(C)C)C=3O)C2O)c(O)cc1;68,0;;
Depamide;O=C(N)C(CCC)CCC;68,0;;
Desipramine;N(CCCN1c2c(CCc3c1cccc3)cccc2)C;73,8;;
Desmopressin;S1SCCC(=O)NC(Cc2ccc(O)cc2)C(=O)NC(Cc2ccccc2)C(=O)NC(CCC(=O)N)C(=O)NC(CC(=O)N)C(=O)NC(C1)C(=O)N1CCCC1C(=O)NC(CCCN=C(N)N)C(=O)NCC(=O)N;1,0;;
Desogestrel;OC1(CCC2C3C(C4C(CC3)=CCCC4)C(CC12CC)=C)C#C;76,0;;
Dexfenfluramine;FC(F)(F)c1cc(ccc1)CC(NCC)C;89,0;;
Dexloxiglumide;Clc1cc(ccc1Cl)C(=O)NC(CCC(O)=O)C(=O)N(CCCCC)CCCOC;48,0;;
Dextroamphetamine;NC(Cc1ccccc1)C;81,3;;
Dextromethorphan;O(C)c1cc2C34C(C(N(CC3)C)Cc2cc1)CCCC4;11,0;;
Dextromoramide;O1CCN(CC1)CC(C(C(=O)N1CCCC1)(c1ccccc1)c1ccccc1)C;87,0;;
Dextrose;O1C(CO)C(O)C(O)C(O)C1O;99,0;;
Diacetolol;O(CC(O)CNC(C)C)c1ccc(NC(=O)C)cc1C(=O)C;35,0;;
Diacetylmorphine;O1C2C34C(C(N(CC3)C)Cc3c4c1c(OC(=O)C)cc3)C=CC2OC(=O)C;1,0;;
Diatrizoate;Ic1c(C(O)=O)c(I)c(NC(=O)C)c(I)c1NC(=O)C;5,0;;
Diazepam;Clc1cc2c(N(C)C(=O)CN=C2c2ccccc2)cc1;87,5;;
Diazoxide;Clc1cc2S(=O)(=O)NC(=Nc2cc1)C;90,0;;
Diclofenac;Clc1cc(Cl)ccc1Nc1ccccc1CC(O)=O;77,0;;
Dicloxacillin;Clc1cccc(Cl)c1-c1noc(C)c1C(=O)NC1C2SC(C)(C)C(N2C1=O)C(O)=O;68,8;;
Didanosine;O1C(CCC1n1c2N=CNC(=O)c2nc1)CO;40,0;;
Dienogest;OC1(CCC2C3C(=C4C(=CC(=O)CC4)CC3)CCC12C)CC#N;92,0;;
Diflunisal;Fc1cc(F)ccc1-c1cc(C(O)=O)c(O)cc1;85,0;;
Digitoxin;O1C(C)C(OC2OC(C)C(O)C(O)C2)C(O)CC1OC1C(OC(OC2CC3CCC4C(CCC5(C)C(CCC45O)C4=CC(OC4)=O)C3(CC2)C)CC1O)C;95,0;;
Digoxin;O1C(C)C(OC2OC(C)C(O)C(O)C2)C(O)CC1OC1C(OC(OC2CC3CCC4C(CC(O)C5(C)C(CCC45O)C4=CC(OC4)=O)C3(CC2)C)CC1O)C;70,0;;
Dihydrocodeine;O1C2C34C(C(N(CC3)C)Cc3c4c1c(OC)cc3)CCC2O;20,0;;
Dihydroergotamine;O1C(NC(=O)C2CC3C(N(C2)C)Cc2c4c3cccc4[nH]c2)(C)C(=O)N2C(Cc3ccccc3)C(=O)N3C(CCC3)C12O;1,0;;
Dilevalol;Oc1ccc(cc1C(=O)C)C(O)CNC(CCc1ccccc1)C;18,5;;
Diloxanide;ClC(Cl)C(=O)N(C)c1ccc(O)cc1;90,0;;
Diltiazem;S1c2c(N(CCN(C)C)C(=O)C(OC(=O)C)C1c1ccc(OC)cc1)cccc2;39,0;;
Dimercaprol;SC(CO)CS;0,0;;
Diphenhydramine;O(C(c1ccccc1)c1ccccc1)CCN(C)C;61,0;;
Diprophylline;O=C1N(C)C(=O)N(c2ncn(c12)CC(O)CO)C;90,0;;
Dipyridamole;OCCN(CCO)c1nc(N2CCCCC2)c2nc(nc(N3CCCCC3)c2n1)N(CCO)CCO;33,9;;
Dirithromycin;O1C(CC)C(O)(C2OC(NC(C2C)C(CC(O)(C)C(OC2OC(CC(N(C)C)C2O)C)C(C)C(OC2OC(C)C(O)C(OC)(C2)C)C(C)C1=O)C)COCCOC)C;10,0;;
Disopyramide;O=C(N)C(CCN(C(C)C)C(C)C)(c1ccccc1)c1ncccc1;86,5;;
Distigmine;O(C(=O)N(CCCCCCN(C(Oc1ccc[n+](c1)C)=O)C)C)c1ccc[n+](c1)C;6,3;;
Disulfiram;S(SC(=S)N(CC)CC)C(=S)N(CC)CC;80,0;;
Docetaxel;O1C2CC(O)C3(C(C(OC(=O)c4ccccc4)C4(O)CC(OC(=O)C(O)C(NC(OC(C)(C)C)=O)c5ccccc5)C(=C(C4(C)C)C(O)C3=O)C)C2(OC(=O)C)C1)C;0,0;;
Docosanol;OCCCCCCCCCCCCCCCCCCCCCC;0,0;;
Dofetilide;S(=O)(=O)(Nc1ccc(cc1)CCN(CCOc1ccc(NS(=O)(=O)C)cc1)C)C;96,0;;
Dolasetron;O(C(=O)c1c2c([nH]c1)cccc2)C1CC2N3CC(=O)C(C2)CC3C1;75,0;;
Domperidone;Clc1cc2NC(=O)N(c2cc1)C1CCN(CC1)CCCN1c2c(NC1=O)cccc2;15,0;;
Donepezil;O(C)c1cc2c(CC(CC3CCN(CC3)Cc3ccccc3)C2=O)cc1OC;99,5;;
Dosulepin;S1Cc2c(cccc2)C(c2c1cccc2)=CCCN(C)C;30,0;;
Doxapram;O1CCN(CC1)CCC1CN(CC)C(=O)C1(c1ccccc1)c1ccccc1;64,0;;
Doxepin;O1Cc2c(cccc2)C(c2c1cccc2)=CCCN(C)C;29,5;;
Doxifluridine;FC1=CN(C2OC(C)C(O)C2O)C(=O)NC1=O;40,0;;
DOXORUBICIN;O1C(C)C(O)C(N)CC1OC1CC(O)(Cc2c1c(O)c1c(C(=O)c3c(C1=O)c(OC)ccc3)c2O)C(=O)CO;5,0;;
Doxycycline;OC12C(C(N(C)C)C(O)=C(C(=O)N)C1=O)C(O)C1C(=C2O)C(=O)c2c(cccc2O)C1C;96,5;;
Doxylamine;O(C(C)(c1ccccc1)c1ncccc1)CCN(C)C;24,4;;
Droperidol;Fc1ccc(cc1)C(=O)CCCN1CCC(N2c3c(NC2=O)cccc3)=CC1;75,0;;
Drospirenone;O1C2(C3C(C4C5C(CCC24C)C2(C(=CC(=O)CC2)C2C5C2)C)C3)CCC1=O;76,0;;
Drotaverine;O(CC)c1cc(ccc1OCC)C=C1NCCc2cc(OCC)c(OCC)cc12;61,5;;
Droxidopa;Oc1cc(ccc1O)C(O)C(N)C(O)=O;90,0;;
Duloxetine;s1cccc1C(Oc1c2c(ccc1)cccc2)CCNC;50,0;;
Dutasteride;FC(F)(F)c1ccc(cc1NC(=O)C1CCC2C3C(CCC12C)C1(C(NC(=O)C=C1)CC3)C)C(F)(F)F;60,0;;
Dydrogesterone;O=C1CCC2(C3C(C4CCC(C(=O)C)C4(CC3)C)C=CC2=C1)C;28,0;;
Edrophonium;Oc1cc([N+](CC)(C)C)ccc1;0,0;;
Efavirenz;Clc1cc2c(NC(OC2(C#CC2CC2)C(F)(F)F)=O)cc1;41,7;;
Eflornithine;FC(F)C(N)(CCCN)C(O)=O;55,0;;
Emedastine;O(CCn1c2c(nc1N1CCCN(CC1)C)cccc2)CC;50,0;;
Emepronium;CC[N+](C)(C)C(C)CC(C1=CC=CC=C1)C2=CC=CC=C2;1,0;;
Enalapril;O(C(=O)C(NC(C(=O)N1CCCC1C(O)=O)C)CCc1ccccc1)CC;61,8;;
Enalaprilat;OC(=O)C1N(CCC1)C(=O)C(NC(CCc1ccccc1)C(O)=O)C;40,0;;
Encainide;O(C)c1ccc(cc1)C(=O)Nc1ccccc1CCC1N(CCCC1)C;27,0;;
Endralazine;O=C(N1CC2=CC(NN=C2CC1)=NN)c1ccccc1;75,0;;
Enoxacin;Fc1cc2c(nc1N1CCNCC1)N(C=C(C(O)=O)C2=O)CC;87,0;;
Entacapone;Oc1c([N+](=O)[O-])cc(cc1O)C=C(C(=O)N(CC)CC)C#N;38,5;;
Epanolol;O(CC(O)CNCCNC(=O)Cc1ccc(O)cc1)c1ccccc1C#N;8,0;;
Eplerenone;O1C2(CCC1=O)CCC1C3C4(OC4CC12C)C1(C(CC3C(OC)=O)=CC(=O)CC1)C;69,5;;
Epristeride;OC(=O)C=1CCC2(C3C(C4CCC(C(=O)NC(C)(C)C)C4(CC3)C)CC=C2C=1)C;93,0;;
Eprosartan;s1cccc1CC(=Cc1n(Cc2ccc(cc2)C(O)=O)c(nc1)CCCC)C(O)=O;14,0;;
Eproxindine;O(C)c1c2c(n(c1C(=O)NCC(O)CN(CC)CC)-c1ccccc1)cccc2;70,0;;
Eptifibatide;S1SCCC(=O)NC(CCCCNC(N)=N)C(=O)NCC(=O)NC(CC(O)=O)C(=O)NC(Cc2c3c([nH]c2)cccc3)C(=O)N2C(CCC2)C(=O)NC(C1)C(=O)N;0,0;;
Ergoloid mesylate;O1C(NC(=O)C2CC3C(N(C2)C)Cc2c4c3cccc4[nH]c2)(C(C)C)C(=O)N2C(C(CC)(C)C)C(=O)N3C(CCC3)C12O;25,0;;
Ergonovine;OCC(NC(=O)C1C=C2C(N(C1)C)Cc1c3c2cccc3[nH]c1)C;50,0;;
Ergotamine;O1C(NC(=O)C2C=C3C(N(C2)C)Cc2c4c3cccc4[nH]c2)(C)C(=O)N2C(Cc3ccccc3)C(=O)N3C(CCC3)C12O;1,5;;
Erlotinib;O(CCOC)c1cc2c(ncnc2Nc2cc(ccc2)C#C)cc1OCCOC;59,0;;
Erythromycin;O1C(CC)C(O)(C)C(O)C(C)C(=O)C(CC(O)(C)C(OC2OC(CC(N(C)C)C2O)C)C(C)C(OC2OC(C)C(O)C(OC)(C2)C)C(C)C1=O)C;41,3;;
Esomeprazole;S(=O)(Cc1ncc(C)c(OC)c1C)c1[nH]c2cc(OC)ccc2n1;61,5;;
Estazolam;Clc1cc2c(-n3c(nnc3)CN=C2c2ccccc2)cc1;93,0;;
Estradiol;OC1CCC2C3C(CCC12C)c1c(cc(O)cc1)CC3;5,0;;
Estradiol_17-valerate;O(C(=O)CCCC)C1CCC2C3C(CCC12C)c1c(cc(O)cc1)CC3;3,0;;
Estramustine phosphate;ClCCN(CCCl)C(Oc1cc2CCC3C4CCC(OP(O)(O)=O)C4(CCC3c2cc1)C)=O;51,9;;
Ethacrynic acid;Clc1c(Cl)c(OCC(O)=O)ccc1C(=O)C(CC)=C;99,0;;
Ethambutol;OCC(NCCNC(CC)CO)CC;77,0;;
Ethanol;OCC;80,0;;
Ethinylestradiol;OC1(CCC2C3C(CCC12C)c1c(cc(O)cc1)CC3)C#C;41,5;;
Ethionamide;S=C(N)c1cc(ncc1)CC;80,0;;
Ethopropazine;S1c2c(N(c3c1cccc3)CC(N(CC)CC)C)cccc2;5,0;;
Ethosuximide;O=C1NC(=O)CC1(CC)C;93,0;;
Ethoxzolamide;s1c2cc(OCC)ccc2nc1S(=O)(=O)N;65,0;;
Etidocaine;O=C(Nc1c(cccc1C)C)C(N(CCC)CC)CC;0,0;;
Etidronic Acid;P(O)(O)(=O)C(P(O)(O)=O)(O)C;5,0;;
Etilefrine;Oc1cc(ccc1)C(O)CNCC;55,0;;
Etodolac;O1CCc2c([nH]c3c2cccc3CC)C1(CC(O)=O)CC;90,0;;
Etofylline;O=C1N(C)C(=O)N(c2ncn(c12)CCO)C;80,0;;
Etoricoxib;Clc1cc(c(nc1)-c1ccc(nc1)C)-c1ccc(S(=O)(=O)C)cc1;99,5;;
Etretinate;O(C)c1cc(C)c(C=CC(=CC=CC(=CC(OCC)=O)C)C)c(C)c1C;40,0;;
Exemestane;O=C1CCC2C3C(CCC12C)C1(C(=CC(=O)C=C1)C(C3)=C)C;51,0;;
Ezetimibe;Fc1ccc(cc1)C(O)CCC1C(N(C1=O)c1ccc(F)cc1)c1ccc(O)cc1;45,0;;
Famciclovir;O(C(=O)C)CC(CCn1c2nc(ncc2nc1)N)COC(=O)C;76,8;;
Famotidine;s1cc(nc1N=C(N)N)CSCCC(=NS(=O)(=O)N)N;42,3;;
Felbamate;O(CC(COC(=O)N)c1ccccc1)C(=O)N;90,0;;
Felodipine;Clc1c(cccc1Cl)C1C(C(OCC)=O)=C(NC(C)=C1C(OC)=O)C;15,0;;
Femoxetine;O(CC1CN(CCC1c1ccccc1)C)c1ccc(OC)cc1;8,0;;
Fenbufen;OC(=O)CCC(=O)c1ccc(cc1)-c1ccccc1;78,0;;
Fenflumizole;Fc1cc(F)ccc1-c1[nH]c(c(n1)-c1ccc(OC)cc1)-c1ccc(OC)cc1;50,0;;
Fenoldopam;Clc1c2c(cc(O)c1O)C(CNCC2)c1ccc(O)cc1;6,0;;
Fenoterol;Oc1cc(cc(O)c1)CC(O)NC(Cc1ccc(O)cc1)C;2,0;;
Fenspiride;O1C2(CCN(CC2)CCc2ccccc2)CNC1=O;90,0;;
Fentanyl;O=C(N(C1CCN(CC1)CCc1ccccc1)c1ccccc1)CC;32,0;;
Fexofenadine;OC(C1CCN(CC1)CCCC(O)c1ccc(cc1)C(C(O)=O)(C)C)(c1ccccc1)c1ccccc1;52,8;;
Finasteride;O=C1NC2CCC3C4CCC(C(=O)NC(C)(C)C)C4(CCC3C2(C=C1)C)C;64,0;;
Flecainide;FC(F)(F)COc1ccc(OCC(F)(F)F)cc1C(=O)NCC1NCCCC1;95,0;;
Fleroxacin;Fc1c2N(C=C(C(O)=O)C(=O)c2cc(F)c1N1CCN(CC1)C)CCF;99,0;;
Floxuridine;FC1=CN(C2OC(CO)C(O)C2)C(=O)NC1=O;90,0;;
FLUCLOXACILLIN;Clc1cccc(F)c1-c1noc(C)c1C(=O)NC1C2SC(C)(C)C(N2C1=O)C(O)=O;60,0;;
Fluconazole;Fc1cc(F)ccc1C(O)(Cn1ncnc1)Cn1ncnc1;90,0;;
Flucytosine;FC1=CNC(=O)N=C1N;85,8;;
Fludarabine;P(OCC1OC(n2c3nc(F)nc(N)c3nc2)C(O)C1O)(O)(O)=O;56,3;;
Flumazenil;Fc1cc2c(-n3c(CN(C)C2=O)c(nc3)C(OCC)=O)cc1;16,0;;
Flunisolide;FC1C2=CC(=O)C=CC2(C2C(C3CC4OC(OC4(C(=O)CO)C3(CC2O)C)(C)C)C1)C;6,7;;
Flunitrazepam;Fc1ccccc1C1=NCC(=O)N(c2c1cc([N+](=O)[O-])cc2)C;75,5;;
Fluocortolone;FC1C2=CC(=O)C=CC2(C2C(C3CC(C)C(C(=O)CO)C3(CC2O)C)C1)C;90,0;;
Fluorescein;O1C2(c3c(cccc3)C1=O)c1c(Oc3c2ccc(O)c3)cc(O)cc1;99,0;;
FLUOROURACIL;FC1=CNC(=O)NC1=O;28,0;;
Fluoxetine;FC(F)(F)c1ccc(OC(CCNC)c2ccccc2)cc1;65,0;;
Fluoxymesterone;FC12C(C3CCC(O)(C)C3(CC1O)C)CCC1=CC(=O)CCC12C;89,5;;
Flupenthixol;S1c2c(cc(cc2)C(F)(F)F)C(c2c1cccc2)=CCCN1CCN(CC1)CCO;48,8;;
Fluphenazine;S1c2c(N(c3c1cccc3)CCCN1CCN(CC1)CCO)cc(cc2)C(F)(F)F;2,7;;
Flupirtine;Fc1ccc(cc1)CNc1nc(N)c(NC(OCC)=O)cc1;90,0;;
Flurazepam;Clc1cc2c(N(CCN(CC)CC)C(=O)CN=C2c2ccccc2F)cc1;83,0;;
Flurbiprofen;Fc1cc(ccc1-c1ccccc1)C(C(O)=O)C;92,0;;
Flutamide;FC(F)(F)c1cc(NC(=O)C(C)C)ccc1[N+](=O)[O-];90,0;;
Fluticasone_propionate;S(C(=O)C1(OC(=O)CC)C2(CC(O)C3(F)C(C2CC1C)CC(F)C1=CC(=O)C=CC13C)C)CF;1,0;;
Fluvastatin;Fc1ccc(cc1)-c1c2c(n(C(C)C)c1C=CC(O)CC(O)CC(O)=O)cccc2;25,5;;
Fluvoxamine;FC(F)(F)c1ccc(cc1)C(=NOCCN)CCCCOC;53,0;;
Folic Acid;O=C1NC(=Nc2ncc(nc12)CNc1ccc(cc1)C(=O)NC(CCC(O)=O)C(O)=O)N;75,0;;
Folinic acid;O=C1N=C(NC=2NCC(N(C1=2)C=O)CNc1ccc(cc1)C(=O)NC(CCC(O)=O)C(O)=O)N;4,0;;
Foscarnet;P(O)(O)(=O)C(O)=O;9,0;;
Fosfomycin;P(O)(O)(=O)C1OC1C;32,3;;
Fosinopril;P(OC(OC(=O)CC)C(C)C)(=O)(CCCCc1ccccc1)CC(=O)N1CC(CC1C(O)=O)C1CCCCC1;35,0;;
Frovatriptan;O=C(N)c1cc2c3CC(NC)CCc3[nH]c2cc1;26,0;;
Fructose;O1CC(O)C(O)C(O)C1(O)CO;50,0;;
Furosemide;Clc1cc(NCc2occc2)c(C(O)=O)c(S(=O)(=O)N)c1;63,5;;
Fusidic acid;O(C(=O)C)C1CC2(C(CC(O)C3C2(CCC2C(C)C(O)CCC23C)C)C1=C(CCC=C(C)C)C(O)=O)C;91,0;;
Gabapentin;OC(=O)CC1(CCCCC1)CN;51,5;;
Galantamine;O1c2c3C4(C1CC(O)C=C4)CCN(Cc3ccc2OC)C;94,5;;
Ganciclovir;O=C1NC(=Nc2n(cnc12)COC(CO)CO)N;4,5;;
Gatifloxacin;Fc1cc2c(N(C=C(C(O)=O)C2=O)C2CC2)c(OC)c1N1CC(NCC1)C;96,0;;
Gefitinib;Clc1cc(Nc2ncnc3c2cc(OCCCN2CCOCC2)c(OC)c3)ccc1F;59,5;;
Gemfibrozil;O(CCCC(C(O)=O)(C)C)c1cc(ccc1C)C;99,0;;
Genaconazole;S(=O)(=O)(C(C(O)(Cn1ncnc1)c1ccc(F)cc1F)C)C;99,0;;
Gentamicin_C1a;O1C(OC2C(O)C(OC3OCC(O)(C)C(NC)C3O)C(N)CC2N)C(N)CCC1CC;0,0;;
Gestodene;OC1(C=CC2C3C(C4C(=CC(=O)CC4)CC3)CCC12CC)C#C;94,5;;
Ginkgolide A;O1C2CC34C56C(OC(=O)C5O)OC3(C2(O)C(C)C1=O)C(OC4CC6C(C)(C)C)=O;80,0;;
Ginkgolide B;O1C2C(O)(C34OC5OC(=O)C(O)C56C3(C(OC4=O)CC6C(C)(C)C)C2O)C(C)C1=O;88,0;;
Gliclazide;S(=O)(=O)(NC(=O)NN1CC2C(CCC2)C1)c1ccc(cc1)C;83,5;;
Glimepiride;S(=O)(=O)(NC(=O)NC1CCC(CC1)C)c1ccc(cc1)CCNC(=O)N1CC(C)=C(CC)C1=O;99,7;;
Glipizide;S(=O)(=O)(NC(=O)NC1CCCCC1)c1ccc(cc1)CCNC(=O)c1ncc(nc1)C;97,5;;
Glucosamine;O1C(CO)C(O)C(O)C(N)C1O;26,0;;
Glyburide (Glibenclamide);COC1=C(C=C(C=C1)Cl)C(=O)NCCC2=CC=C(C=C2)S(=O)(=O)NC(=O)NC3CCCCC3;82,0;;
Glycopyrrolate;O(C(=O)C(O)(C1CCCC1)c1ccccc1)C1CC[N+](C1)(C)C;17,0;;
Granisetron;O=C(NC1CC2N(C(C1)CCC2)C)c1nn(c2c1cccc2)C;60,0;;
Grepafloxacin;Fc1c(c2c(N(C=C(C(O)=O)C2=O)C2CC2)cc1N1CC(NCC1)C)C;70,0;;
Griseofulvin;Clc1c2OC3(C(CC(=O)C=C3OC)C)C(=O)c2c(OC)cc1OC;48,8;;
Guanabenz;Clc1cccc(Cl)c1C=NN=C(N)N;75,0;;
Guanadrel;O1C(COC12CCCCC2)CN=C(N)N;85,0;;
Guanethidine;N(CCN1CCCCCCC1)C(N)=N;20,0;;
Guanfacine;Clc1cccc(Cl)c1CC(=O)N=C(N)N;85,5;;
Halofantrine;Clc1cc(Cl)cc2c1cc(c1c2cc(cc1)C(F)(F)F)C(O)CCN(CCCC)CCCC;6,3;;
Haloperidol;Clc1cc(ccc1)C1(O)CCN(CC1)CCCC(=O)c1ccc(F)cc1;62,5;;
Hesperetin;O1c2c(C(=O)CC1c1cc(O)c(OC)cc1)c(O)cc(O)c2;20,0;;
Hexobarbital;CN1C(=O)NC(=O)C(C)(C2=CCCCC2)C1=O;95,0;;
Homocysteine;SCCC(N)C(O)=O;53,0;;
Hydralazine;n1ncc2c(cccc2)c1NN;30,5;;
Hydrochlorothiazide;Clc1cc2NCNS(=O)(=O)c2cc1S(=O)(=O)N;68,7;;
Hydrocodone;O1C2C34C(C(N(CC3)C)Cc3c4c1c(OC)cc3)CCC2=O;75,0;;
Hydroflumethiazide;S(=O)(=O)(N)c1cc2S(=O)(=O)NCNc2cc1C(F)(F)F;50,0;;
Hydromorphone;O1C2C34C(C(N(CC3)C)Cc3c4c1c(O)cc3)CCC2=O;37,3;;
Hydroxychloroquine;Clc1cc2nccc(NC(CCCN(CCO)CC)C)c2cc1;74,0;;
Hydroxyurea;O=C(NO)N;79,0;;
Hydroxyzine;Clc1ccc(cc1)C(N1CCN(CC1)CCOCCO)c1ccccc1;85,0;;
Hypericin;Oc1c2c3c(c4c5c(C(=O)c6c7c(c8c(c(C2=O)c(O)cc8O)c3c57)c(O)cc6O)c(O)cc4C)c(c1)C;20,0;;
Ibandronate;P(O)(O)(=O)C(P(O)(O)=O)(O)CCN(CCCCC)C;0,8;;
Ibuprofen;OC(=O)C(C)c1ccc(cc1)CC(C)C;87,5;;
Ibutilide;S(=O)(=O)(Nc1ccc(cc1)C(O)CCCN(CCCCCCC)CC)C;8,0;;
Idarubicin;O1C(C)C(O)C(N)CC1OC1CC(O)(Cc2c1c(O)c1c(C(=O)c3c(cccc3)C1=O)c2O)C(=O)C;28,0;;
Idazoxan;O1c2c(OCC1C=1NCCN=1)cccc2;34,0;;
Ifosfamide;ClCCN1P(OCCC1)(=O)NCCCl;96,0;;
Iloprost;OC1CC2C(CC(C2)=CCCCC(O)=O)C1C=CC(O)C(CC#CC)C;16,0;;
Imatinib;O=C(Nc1cc(Nc2nc(ccn2)-c2cccnc2)c(cc1)C)c1ccc(cc1)CN1CCN(CC1)C;98,0;;
Imidapril;O=C1N(C(=O)C(NC(CCc2ccccc2)C(OCC)=O)C)C(CN1C)C(O)=O;42,0;;
Imipenem;S(CCN=CN)C=1CC2N(C(=O)C2C(O)C)C=1C(O)=O;1,0;;
Imipramine;N(CCCN1c2c(CCc3c1cccc3)cccc2)(C)C;44,0;;
Incadronate;P(O)(O)(=O)C(P(O)(O)=O)NC1CCCCCC1;1,0;;
Indapamide;Clc1cc(S(=O)(=O)N)c(cc1)C(=O)NC1c2c(NC1C)cccc2;95,0;;
Indinavir;OC1Cc2c(cccc2)C1NC(=O)C(Cc1ccccc1)CC(O)CN1CCN(CC1C(=O)NC(C)(C)C)Cc1cccnc1;65,0;;
Indobufen;O=C1N(Cc2c1cccc2)c1ccc(cc1)C(CC)C(O)=O;85,0;;
Indomethacin;Clc1ccc(cc1)C(=O)n1c2c(cc(OC)cc2)c(CC(O)=O)c1C;99,5;;
Indoramin;O=C(NC1CCN(CC1)CCc1c2c([nH]c1)cccc2)c1ccccc1;18,0;;
Ipratropium;O(C(=O)C(CO)c1ccccc1)C1CC2[N+](C(C1)CC2)(C(C)C)C;3,0;;
Irbesartan;O=C1N(Cc2ccc(cc2)-c2ccccc2-c2nn[nH]n2)C(=NC12CCCC2)CCCC;66,7;;
Irinotecan;O1CC2=C(C=C3N(Cc4c3nc3c(cc(OC(=O)N5CCC(N6CCCCC6)CC5)cc3)c4CC)C2=O)C(O)(CC)C1=O;8,0;;
Isoniazid;O=C(NN)c1ccncc1;80,0;;
Isoproterenol;Oc1cc(ccc1O)C(O)CNC(C)C;0,0;;
Isosorbide 2-Mononitrate;O1C2C(OCC2O)C(O[N+](=O)[O-])C1;93,0;;
Isosorbide Dinitrate;C1C(C2C(O1)C(CO2)O[N+](=O)[O-])O[N+](=O)[O-];22,0;;
Isotretinoin;OC(=O)C=C(C=CC=C(C=CC=1C(CCCC=1C)(C)C)C)C;40,0;;
Isoxicam;S1(=O)(=O)N(C)C(=C(O)Nc2noc(c2)C)C(=O)c2c1cccc2;97,0;;
Isradipine;o1nc2c(n1)cccc2C1C(C(OC(C)C)=O)=C(NC(C)=C1C(OC)=O)C;19,8;;
Itraconazole;Clc1cc(Cl)ccc1C1(OC(CO1)COc1ccc(N2CCN(CC2)c2ccc(N3C=NN(C(CC)C)C3=O)cc2)cc1)Cn1ncnc1;55,0;;
Kanamycin;O1C(CN)C(O)C(O)C(O)C1OC1C(O)C(OC2OC(CO)C(O)C(N)C2O)C(N)CC1N;1,0;;
KETAMINE;CNC1(CCCCC1=O)C2=CC=CC=C2Cl;20,0;;
Ketanserin;Fc1ccc(cc1)C(=O)C1CCN(CC1)CCN1C(=O)c2c(NC1=O)cccc2;50,0;;
Ketobemidone;Oc1cc(ccc1)C1(CCN(CC1)C)C(=O)CC;35,5;;
Ketoconazole;CC(=O)N1CCN(CC1)c2ccc(OCC3COC(Cn4ccnc4)(O3)c5ccc(Cl)cc5Cl)cc2;71,0;;
Ketoprofen;OC(=O)C(C)c1cc(ccc1)C(=O)c1ccccc1;90,0;;
Ketorolac;OC(=O)C1CCn2c1ccc2C(=O)c1ccccc1;99,5;;
Ketotifen;s1c2c(cc1)C(c1c(CC2=O)cccc1)=C1CCN(CC1)C;60,0;;
KNI-272, Kynostatin-272;S1CC(N(C1)C(=O)C(O)C(NC(=O)C(NC(=O)COc1nccc2c1cccc2)CSC)Cc1ccccc1)C(=O)NC(C)(C)C;40,0;;
L-5-hydroxytryptophan;Oc1cc2c([nH]cc2CC(N)C(O)=O)cc1;70,0;;
Labetalol;Oc1ccc(cc1C(=O)N)C(O)CNC(CCc1ccccc1)C;25,0;;
Lacidipine;O(C(=O)C=1C(C(C(OCC)=O)=C(NC=1C)C)c1ccccc1C=CC(OC(C)(C)C)=O)CC;14,0;;
Lactulose;O1C(O)(CO)C(O)C(OC2OC(CO)C(O)C(O)C2O)C1CO;0,0;;
Lamivudine;S1CC(OC1CO)N1C=CC(=NC1=O)N;86,0;;
Lamotrigine;Clc1c(cccc1Cl)-c1nnc(nc1N)N;97,8;;
Lansoprazole;S(=O)(Cc1ncc(C)c(OCC(F)(F)F)c1)c1[nH]c2c(n1)cccc2;80,5;;
Lapatinib;Clc1cc(Nc2ncnc3c2cc(cc3)-c2oc(cc2)CNCCS(=O)(=O)C)ccc1OCc1cc(F)ccc1;0,0;;
L-Arginine;OC(=O)C(N)CCCN=C(N)N;68,0;;
Leflunomide;FC(F)(F)c1ccc(NC(=O)c2cnoc2C)cc1;80,0;;
Lercanidipine;O(C(=O)C=1C(C(C(OC)=O)=C(NC=1C)C)c1cc([N+](=O)[O-])ccc1)C(CN(CCC(c1ccccc1)c1ccccc1)C)(C)C;10,0;;
Letrozole;n1cn(nc1)C(c1ccc(cc1)C#N)c1ccc(cc1)C#N;99,5;;
Levamisole;S1CCN2CC(N=C12)c1ccccc1;65,0;;
Levetiracetam;O=C1N(CCC1)C(CC)C(=O)N;99,7;;
Levobunolol;O(CC(O)CNC(C)(C)C)c1c2c(ccc1)C(=O)CCC2;75,0;;
Levocabastine;Fc1ccc(cc1)C1(CCC(N2CC(C)C(CC2)(C(O)=O)c2ccccc2)CC1)C#N;99,0;;
Levocarnitine;C[N+](C)(C)CC(CC(=O)[O-])O;12,5;;
Levodopa;Oc1cc(ccc1O)CC(N)C(O)=O;35,0;;
Levofloxacin;Fc1cc2c3N(C=C(C(O)=O)C2=O)C(COc3c1N1CCN(CC1)C)C;98,8;;
Levomepromazine;S1c2c(N(c3c1cccc3)CC(CN(C)C)C)cc(OC)cc2;52,5;;
Levoprotiline;OC(CC12CCC(c3c1cccc3)c1c2cccc1)CNC;40,0;;
Levosimendan;O=C1NN=C(C(C1)C)c1ccc(NN=C(C#N)C#N)cc1;85,0;;
Lidocaine;O=C(Nc1c(cccc1C)C)CN(CC)CC;35,0;;
lincomycin;S(C)C1OC(C(NC(=O)C2N(CC(C2)CCC)C)C(O)C)C(O)C(O)C1O;25,0;;
Linezolid;Fc1cc(N2CC(OC2=O)CNC(=O)C)ccc1N1CCOCC1;99,5;;
Lipoic Acid;S1SCCC1CCCCC(O)=O;29,5;;
Lisinopril;OC(=O)C1N(CCC1)C(=O)C(NC(CCc1ccccc1)C(O)=O)CCCCN;25,0;;
Lisuride;O=C(NC1C=C2C(N(C1)C)Cc1c3c2cccc3[nH]c1)N(CC)CC;14,5;;
Lofexidine;Clc1cccc(Cl)c1OC(C)C=1NCCN=1;90,0;;
Lomefloxacin;Fc1c2N(C=C(C(O)=O)C(=O)c2cc(F)c1N1CC(NCC1)C)CC;97,0;;
Lomustine;ClCCN(N=O)C(=O)NC1CCCCC1;99,5;;
Loperamide;Clc1ccc(cc1)C1(O)CCN(CC1)CCC(C(=O)N(C)C)(c1ccccc1)c1ccccc1;1,0;;
Loracarbef;ClC=1CCC2N(C(=O)C2NC(=O)C(N)c2ccccc2)C=1C(O)=O;94,0;;
Loratadine;Clc1cc2c(cc1)C(c1ncccc1CC2)=C1CCN(CC1)C(OCC)=O;40,0;;
Lorazepam;Clc1ccccc1C1=NC(O)C(=O)Nc2c1cc(Cl)cc2;89,0;;
Lormetazepam;Clc1ccccc1C1=NC(O)C(=O)N(c2c1cc(Cl)cc2)C;77,5;;
Losartan;Clc1nc(n(Cc2ccc(cc2)-c2ccccc2-c2[nH]nnn2)c1CO)CCCC;32,7;;
Loteprednol Etabonate;ClCOC(=O)C1(OC(OCC)=O)CCC2C3C(C4(C(=CC(=O)C=C4)CC3)C)C(O)CC12C;0,0;;
Lovastatin;O1C(CC(O)CC1=O)CCC1C2C(=CC(CC2OC(=O)C(CC)C)C)C=CC1C;5,0;;
Loxapine;Clc1cc2c(Oc3c(N=C2N2CCN(CC2)C)cccc3)cc1;30,0;;
Lubiprostone;FC(F)(CCCC)C1(OC2C(CC1)C(CCCCCCC(O)=O)C(=O)C2)O;0,0;;
Lumiracoxib;Clc1cccc(F)c1Nc1ccc(cc1CC(O)=O)C;78,0;;
lurtotecan;O1CC2=C(C=C3N(Cc4c3nc3c(cc5OCCOc5c3)c4CN3CCN(CC3)C)C2=O)C(CC)C1=O;12,0;;
Lymecycline;CC1(C2CC3C(C(=O)C(=C(C3(C(=O)C2=C(C4=C1C=CC=C4O)O)O)O)C(=O)NCNCCCCC(C(=O)O)N)N(C)C)O;99,5;;
Lynestrenol;OC1(CCC2C3C(C4C(CC3)=CCCC4)CCC12C)C#C;30,0;;
Mannitol;OC(C(O)C(O)CO)C(O)CO;7,0;;
Maprotiline;N(CCCC12CCC(c3c1cccc3)c1c2cccc1)C;68,0;;
Maraviroc;FC1(F)CCC(CC1)C(=O)NC(CCN1C2CC(n3c(nnc3C)C(C)C)CC1CC2)c1ccccc1;23,0;;
Mazindol;Clc1ccc(cc1)C1(O)N2C(=NCC2)c2c1cccc2;93,0;;
Mebendazole;O(C(=O)Nc1[nH]c2cc(ccc2n1)C(=O)c1ccccc1)C;14,0;;
Mecamylamine;N(C)C1(C2CC(CC2)C1(C)C)C;99,0;;
Meclofenamic acid;Clc1c(Nc2ccccc2C(O)=O)c(Cl)ccc1C;65,1;;
Medifoxamine;O(C(Oc1ccccc1)CN(C)C)c1ccccc1;21,0;;
Medroxalol;O1c2cc(ccc2OC1)CCC(NCC(O)c1cc(C(=O)N)c(O)cc1)C;38,0;;
Medroxyprogesterone;OC1(CCC2C3C(CCC12C)C1(C(=CC(=O)CC1)C(C3)C)C)C(=O)C;15,0;;
Medroxyprogesterone_acetate;O(C(=O)C)C1(CCC2C3C(CCC12C)C1(C(=CC(=O)CC1)C(C3)C)C)C(=O)C;10,0;;
Mefenamic Acid;OC(=O)c1ccccc1Nc1cccc(C)c1C;90,0;;
Mefloquine;FC(F)(F)c1c2nc(cc(c2ccc1)C(O)C1NCCCC1)C(F)(F)F;80,0;;
Megestrol Acetate;O(C(=O)C)C1(CCC2C3C(CCC12C)C1(C(=CC(=O)CC1)C(=C3)C)C)C(=O)C;90,0;;
Melagatran;OC(=O)CNC(C(=O)N1CCC1C(=O)NCc1ccc(cc1)C(N)=N)C1CCCCC1;20,0;;
Melatonin;O(C)c1cc2c(N=CC2CCNC(=O)C)cc1;26,0;;
Meloxicam;s1c(cnc1NC(=O)C=1N(S(=O)(=O)c2c(cccc2)C=1O)C)C;93,0;;
Melphalan;ClCCN(CCCl)c1ccc(cc1)CC(N)C(O)=O;64,0;;
Memantine;NC12CC3(CC(C1)(CC(C3)C2)C)C;99,5;;
Meperidine;O(C(=O)C1(CCN(CC1)C)c1ccccc1)CC;53,5;;
Mepindolol;O(CC(O)CNC(C)C)c1c2cc([nH]c2ccc1)C;82,0;;
Mepivacaine;O=C(Nc1c(cccc1C)C)C1N(CCCC1)C;55,0;;
Meptazinol;Oc1cc(ccc1)C1(CCCCN(C1)C)CC;9,0;;
Mercaptopurine;S=C1N=CNc2nc[nH]c12;16,5;;
Meropenem;CC(O)C1C2C(C)C(SC3CNC(C3)C(=O)N(C)C)=C(N2C1=O)C(O)=O;0,0;;
Mesna;S(O)(=O)(=O)CCS;62,0;;
Mesterolone;OC1CCC2C3C(CCC12C)C1(C(CC(=O)CC1C)CC3)C;3,0;;
Metergoline;O(Cc1ccccc1)C(=O)NCC1CC2C(N(C1)C)Cc1c3c2cccc3n(c1)C;23,0;;
Metformin;N(C(NC(N)=N)=N)(C)C;49,0;;
Methacycline;OC12C(C(N(C)C)C(O)=C(C(=O)N)C1=O)C(O)C1C(=C2O)C(=O)c2c(cccc2O)C1=C;58,0;;
Methadone;O=C(C(CC(N(C)C)C)(c1ccccc1)c1ccccc1)CC;92,0;;
Methadyl Acetate;O(C(C(CC(N(C)C)C)(c1ccccc1)c1ccccc1)CC)C(=O)C;47,0;;
Methamphetamine;N(C(Cc1ccccc1)C)C;68,5;;
Methapyrilene;s1cccc1CN(CCN(C)C)c1ncccc1;20,0;;
Methimazole;S=C1NC=CN1C;93,0;;
Methotrexate;OC(=O)C(NC(=O)c1ccc(N(Cc2nc3c(nc(nc3N)N)nc2)C)cc1)CCC(O)=O;46,5;;
Methyldopa;Oc1cc(ccc1O)CC(N)(C(O)=O)C;46,0;;
Methylergonovine;OCC(NC(=O)C1C=C2C(N(C1)C)Cc1c3c2cccc3[nH]c1)CC;60,0;;
Methylphenidate;O(C(=O)C(C1NCCCC1)c1ccccc1)C;26,0;;
Methylphenobarbital;O=C1N(C)C(=O)NC(=O)C1(CC)c1ccccc1;73,0;;
Methylprednisolone;OC1(CCC2C3C(C4(C(=CC(=O)C=C4)C(C3)C)C)C(O)CC12C)C(=O)CO;82,0;;
Methyltestosterone;OC1(CCC2C3C(CCC12C)C1(C(=CC(=O)CC1)CC3)C)C;60,0;;
Methysergide;OCC(NC(=O)C1C=C2C(N(C1)C)Cc1c3c2cccc3n(c1)C)CC;13,0;;
Meticillin;S1C2N(C(C(O)=O)C1(C)C)C(=O)C2NC(=O)c1c(OC)cccc1OC;0,0;;
Metoclopramide;O=C(NCCN(CC)CC)c1cc(Cl)c(N)cc1OC;78,0;;
Metolazone;Clc1cc2NC(N(c3ccccc3C)C(=O)c2cc1S(=O)(=O)N)C;65,0;;
Metopimazine;S1c2c(N(c3c1cccc3)CCCN1CCC(CC1)C(=O)N)cc(S(=O)(=O)C)cc2;20,0;;
Metoprolol;O(CC(O)CNC(C)C)c1ccc(cc1)CCOC;44,0;;
Metronidazole;OCCn1c(ncc1[N+](=O)[O-])C;89,5;;
Mexiletine;O(CC(N)C)c1c(cccc1C)C;88,5;;
Mianserin;N12C(c3c(Cc4c1cccc4)cccc3)CN(CC2)C;23,5;;
Mibefradil;Fc1cc2c(cc1)C(C(C)C)C(OC(=O)COC)(CC2)CCN(CCCc1[nH]c2c(n1)cccc2)C;72,5;;
Miconazole;Clc1cc(Cl)ccc1C(OCc1ccc(Cl)cc1Cl)Cn1ccnc1;25,0;;
Midazolam;Clc1cc2c(-n3c(CN=C2c2ccccc2F)cnc3C)cc1;42,0;;
Midodrine;O(C)c1ccc(OC)cc1C(O)CNC(=O)CN;93,0;;
Mifepristone;OC1(CCC2C3C(=C4C(=CC(=O)CC4)CC3)C(CC12C)c1ccc(N(C)C)cc1)C#CC;69,0;;
Miglitol;OC1C(O)C(O)CN(CCO)C1CO;60,0;;
Miglustat;OC1C(O)C(O)CN(CCCC)C1CO;97,0;;
Milnacipran;O=C(N(CC)CC)C1(CC1CN)c1ccccc1;84,5;;
Milrinone;O=C1NC(C)=C(C=C1C#N)c1ccncc1;86,0;;
Minocycline;CN(C1C2CC3CC4=C(N(C)C)C=CC(O)=C4C(O)=C3C(C2(O)C(O)=C(C(N)=O)C1=O)=O)C;98,5;;
Minoxidil;C1CCN(CC1)C2=NC(=N)N(C(=C2)N)O;95,0;;
Mirtazapine;n1c2N3C(c4c(Cc2ccc1)cccc4)CN(CC3)C;50,0;;
Misoprostol;OC1CC(=O)C(CCCCCCC(OC)=O)C1C=CCC(O)(CCCC)C;83,3;;
Mitotane;Clc1ccccc1C(C(Cl)Cl)c1ccc(Cl)cc1;40,0;;
Mitoxantrone;Oc1c2c(C(=O)c3c(C2=O)c(NCCNCCO)ccc3NCCNCCO)c(O)cc1;0,0;;
Mivacurium;O(C)c1c(OC)cc(cc1OC)CC1[N+](CCc2c1cc(OC)c(OC)c2)(CCCOC(=O)CCC=CCCC(OCCC[N+]1(CCc2c(cc(OC)c(OC)c2)C1Cc1cc(OC)c(OC)c(OC)c1)C)=O)C;0,0;;
Mizolastine;Fc1ccc(cc1)Cn1c2c(nc1N1CCC(N(C)C=3NC(=O)C=CN=3)CC1)cccc2;65,0;;
Moclobemide;Clc1ccc(cc1)C(=O)NCCN1CCOCC1;65,0;;
Modafinil;S(=O)(C(c1ccccc1)c1ccccc1)CC(=O)N;80,0;;
Moexipril;O(C)c1cc2CC(N(Cc2cc1OC)C(=O)C(NC(CCc1ccccc1)C(OCC)=O)C)C(O)=O;15,3;;
Molsidomine;o1n[n+](N2CCOCC2)cc1NC(OCC)=O;52,3;;
Montelukast;Clc1cc2nc(ccc2cc1)C=Cc1cc(ccc1)C(SCC1(CC1)CC(O)=O)CCc1ccccc1C(O)(C)C;65,0;;
Moricizine;S1c2c(N(c3c1cccc3)C(=O)CCN1CCOCC1)cc(NC(OCC)=O)cc2;37,0;;
Morphine;O1C2C34C(C(N(CC3)C)Cc3c4c1c(O)cc3)C=CC2O;27,0;;
Moxalactam;S(CC=1COC2N(C(=O)C2(OC)NC(=O)C(C(O)=O)c2ccc(O)cc2)C=1C(O)=O)c1[n+](nn[nH]1)C;85,0;;
Moxestrol;O(C)C1CC2(C(C3C1c1c(cc(O)cc1)CC3)CCC2(O)C#C)C;33,0;;
Moxifloxacin;Fc1cc2c(N(C=C(C(O)=O)C2=O)C2CC2)c(OC)c1N1CC2C(NCCC2)C1;86,0;;
Moxonidine;Clc1nc(nc(OC)c1NC=1NCCN=1)C;88,0;;
Nabilone;O1c2c(C3C(CCC(=O)C3)C1(C)C)c(O)cc(c2)C(CCCCCC)(C)C;20,0;;
Nabumetone;O(C)c1cc2c(cc(cc2)CCC(=O)C)cc1;35,0;;
N-ACETYLPROCAINAMIDE;O=C(NCCN(CC)CC)c1ccc(NC(=O)C)cc1;83,0;;
Nadolol;O(CC(O)CNC(C)(C)C)c1c2CC(O)C(O)Cc2ccc1;30,0;;
NAFCILLIN;S1C2N(C(C(O)=O)C1(C)C)C(=O)C2NC(=O)c1c2c(ccc1OCC)cccc2;30,0;;
Nalbuphine;O1C2C34CCN(C(Cc5c3c1c(O)cc5)C4(O)CCC2O)CC1CCC1;21,5;;
Nalidixic acid;O=C1c2ccc(nc2N(C=C1C(O)=O)CC)C;96,0;;
Nalmefene;O1C2C34CCN(C(Cc5c3c1c(O)cc5)C4(O)CCC2=C)CC1CC1;40,0;;
Naloxone;O1C2C34CCN(C(Cc5c3c1c(O)cc5)C4(O)CCC2=O)CC=C;2,0;;
Naltrexone;O1C2C34CCN(C(Cc5c3c1c(O)cc5)C4(O)CCC2=O)CC1CC1;22,3;;
Nandrolone;OC1CCC2C3C(C4C(=CC(=O)CC4)CC3)CCC12C;2,6;;
Naproxen;O(C)c1cc2c(cc(cc2)C(C(O)=O)C)cc1;97,0;;
Naratriptan;S(=O)(=O)(NC)CCc1cc2cc([nH]c2cc1)C1CCN(CC1)C;71,5;;
Naringin;O1C(CO)C(O)C(O)C(OC2OC(C)C(O)C(O)C2O)C1Oc1cc(O)c2c(OC(CC2=O)c2ccc(O)cc2)c1;20,0;;
Nateglinide;OC(=O)C(NC(=O)C1CCC(CC1)C(C)C)Cc1ccccc1;73,0;;
Nebivolol;Fc1cc2CCC(Oc2cc1)C(O)CNCC(O)C1Oc2c(cc(F)cc2)CC1;50,0;;
Nedocromil;O1c2c(cc3c(N(CC)C(=CC3=O)C(O)=O)c2CCC)C(=O)C=C1C(O)=O;3,0;;
Nefazodone;Clc1cc(N2CCN(CC2)CCCN2N=C(N(CCOc3ccccc3)C2=O)CC)ccc1;20,0;;
Nefopam;O1CCN(Cc2c(cccc2)C1c1ccccc1)C;36,0;;
Nelarabine;O1C(CO)C(O)C(O)C1n1c2nc(nc(OC)c2nc1)N;11,0;;
Nelfinavir;S(CC(NC(=O)c1cccc(O)c1C)C(O)CN1CC2C(CC1C(=O)NC(C)(C)C)CCCC2)c1ccccc1;50,0;;
Neomycin; C1C(C(C(C(C1N)OC2C(C(C(C(O2)CN)O)O)N)OC3C(C(C(O3)CO)OC4C(C(C(C(O4)CN)O)O)N)O)O)N;0,0;;
Neostigmine;O(C(=O)N(C)C)c1cc([N+](C)(C)C)ccc1;2,0;;
Netilmicin;O1C(OC2C(O)C(OC3OCC(O)(C)C(NC)C3O)C(NCC)CC2N)C(N)CC=C1CN;0,0;;
Nevirapine;O=C1Nc2c(nccc2C)N(c2ncccc12)C1CC1;93,0;;
Nicainoprol;O(CC(O)CNC(C)C)c1c2N(CCCc2ccc1)C(=O)c1cccnc1;70,0;;
Nicardipine;O(C(=O)C=1C(C(C(OC)=O)=C(NC=1C)C)c1cc([N+](=O)[O-])ccc1)CCN(Cc1ccccc1)C;23,0;;
Nicergoline;Brc1cc(cnc1)C(OCC1CC2(OC)C(N(C1)C)Cc1c3c2cccc3n(c1)C)=O;5,0;;
Nicorandil;O([N+](=O)[O-])CCNC(=O)c1cccnc1;76,3;;
Nicotine;n1cc(ccc1)C1N(CCC1)C;30,0;;
Nifedipine;O(C(=O)C)C=1C(C(C(OC)=O)=C(NC=1C)C)c1ccccc1[N+](=O)[O-];50,0;;
Nilotinib;FC(F)(F)c1cc(NC(=O)c2cc(Nc3nc(ccn3)-c3cccnc3)c(cc2)C)cc(-n2cc(nc2)C)c1;30,0;;
Nilutamide;FC(F)(F)c1cc(N2C(=O)C(NC2=O)(C)C)ccc1[N+](=O)[O-];94,5;;
Nilvadipine;O(C(=O)C=1C(C(C(OC)=O)=C(NC=1C)C#N)c1cc([N+](=O)[O-])ccc1)C(C)C;14,0;;
Nimodipine;O(C(=O)C=1C(C(C(OCCOC)=O)=C(NC=1C)C)c1cc([N+](=O)[O-])ccc1)C(C)C;12,0;;
Nisoldipine;O(C(=O)C=1C(C(C(OC)=O)=C(NC=1C)C)c1ccccc1[N+](=O)[O-])CC(C)C;5,5;;
Nitazoxanide;s1c([N+](=O)[O-])cnc1NC(=O)c1ccccc1OC(=O)C;70,0;;
Nitisinone;FC(F)(F)c1cc([N+](=O)[O-])c(cc1)C(=O)C1C(=O)CCCC1=O;90,0;;
Nitrazepam;O=C1Nc2c(cc([N+](=O)[O-])cc2)C(=NC1)c1ccccc1;75,5;;
Nitrendipine;O(C(=O)C=1C(C(C(OC)=O)=C(NC=1C)C)c1cc([N+](=O)[O-])ccc1)CC;50,0;;
Nitrofurantoin;o1c(ccc1[N+](=O)[O-])C=NN1CC(=O)NC1=O;87,0;;
Nitroglycerin;O=N(=O)OCC(CON(=O)=O)ON(=O)=O;1,0;;
Nizatidine;s1cc(nc1CN(C)C)CSCCNC(NC)=C[N+](=O)[O-];70,0;;
Nomifensine;Nc1c2c(ccc1)C(CN(C2)C)c1ccccc1;27,0;;
Norepinephrine;Oc1cc(ccc1O)C(O)CN;3,0;;
Norethindrone;OC1(CCC2C3C(C4C(=CC(=O)CC4)CC3)CCC12C)C#C;64,0;;
Norfenefrine;Oc1cc(ccc1)C(O)CN;5,0;;
Norfenfluramine;FC(F)(F)c1cc(ccc1)CC(N)C;85,0;;
Norfloxacin;Fc1cc2c(N(C=C(C(O)=O)C2=O)CC)cc1N1CCNCC1;35,0;;
Norgestrel;OC1(CCC2C3C(C4C(=CC(=O)CC4)CC3)CCC12CC)C#C;94,0;;
Nortilidine;O(C(=O)C1(CCC=CC1NC)c1ccccc1)CC;99,0;;
NORTRIPTYLINE;N(CCC=C1c2c(CCc3c1cccc3)cccc2)C;51,0;;
Norzimelidine;Brc1ccc(cc1)C(=CCNC)c1cccnc1;66,0;;
Noscapine;O1C(c2c(c(OC)c(OC)cc2)C1=O)C1N(CCc2c1c(OC)c1OCOc1c2)C;30,0;;
Novobiocin;O1C(C)(C)C(OC)C(OC(=O)N)C(O)C1Oc1ccc2c(OC(O)=C(NC(=O)c3cc(CC=C(C)C)c(O)cc3)C2=O)c1C;0,0;;
Nystatin;O1C(C)C(O)C(N)C(O)C1OC1C=CC=CC=CC=CCCC=CC=CC(C)C(O)C(C)C(OC(=O)CC(O)CC(O)CC(O)CCC(O)C(O)CC2(OC(C1)C(C(O)=O)C(O)C2)O)C;0,0;;
octreotide;S1SCC(NC(=O)C(NC(=O)C(NC(=O)C(NC(=O)C(NC(=O)C(NC(=O)C(N)Cc2ccccc2)C1)Cc1ccccc1)Cc1c2c([nH]c1)cccc2)CCCCN)C(O)C)C(=O)NC(C(O)C)CO;2,0;;
Olanzapine;s1c2Nc3c(N=C(N4CCN(CC4)C)c2cc1C)cccc3;60,8;;
Olmesartan;O1C(COC(=O)c2n(Cc3ccc(cc3)-c3ccccc3-c3nn[nH]n3)c(nc2C(O)(C)C)CCC)=C(OC1=O)C;26,7;;
Olsalazine;Oc1ccc(N=Nc2cc(C(O)=O)c(O)cc2)cc1C(O)=O;2,0;;
Ondansetron;O=C1c2c(n(c3c2cccc3)C)CCC1Cn1ccnc1C;61,0;;
Orlistat;O1C(CC(OC(=O)C(NC=O)CC(C)C)CCCCCCCCCCC)C(CCCCCC)C1=O;0,0;;
Orphenadrine;O(C(c1ccccc1C)c1ccccc1)CCN(C)C;90,0;;
Oseltamivir;O(C(CC)CC)C1C=C(CC(N)C1NC(=O)C)C(OCC)=O;77,5;;
Oseltamivir acid;O(C(CC)CC)C1C=C(CC(N)C1NC(=O)C)C(O)=O;79,0;;
Ouabain;O1C(C)C(O)C(O)C(O)C1OC1CC2(O)CCC3C(C2(CO)C(O)C1)C(O)CC1(C)C(CCC13O)C1=CC(OC1)=O;1,0;;
OXACILLIN;S1C2N(C(C(O)=O)C1(C)C)C(=O)C2NC(=O)c1c(noc1C)-c1ccccc1;33,0;;
Oxalic_acid;OC(=O)C(O)=O;7,0;;
Oxandrolone;O1CC2(C(CC1=O)CCC1C3CCC(O)(C)C3(CCC12)C)C;97,0;;
Oxaprozin;o1c(c(nc1CCC(O)=O)-c1ccccc1)-c1ccccc1;96,5;;
Oxazepam;Clc1cc2c(NC(=O)C(O)N=C2c2ccccc2)cc1;96,3;;
Oxcarbazepine;O=C1Cc2c(N(c3c1cccc3)C(=O)N)cccc2;95,0;;
Oxiracetam;OC1CC(=O)N(C1)CC(=O)N;72,0;;
Oxitropium;O1C2C3[N+](C(CC(OC(=O)C(CO)c4ccccc4)C3)C12)(CC)C;1,0;;
Oxprenolol;O(CC(O)CNC(C)C)c1ccccc1OCC=C;44,5;;
Oxybutynin;O(C(=O)C(O)(C1CCCCC1)c1ccccc1)CC#CCN(CC)CC;6,0;;
Oxycodone;O1C2C34CCN(C(Cc5c3c1c(OC)cc5)C4(O)CCC2=O)C;57,8;;
Oxyfedrine;O(C)c1cc(ccc1)C(=O)CCNC(C(O)c1ccccc1)C;85,0;;
Oxymetazoline;Oc1c(C)c(CC=2NCCN=2)c(cc1C(C)(C)C)C;11,0;;
Oxymorphone;O1C2C34CCN(C(Cc5c3c1c(O)cc5)C4(O)CCC2=O)C;10,0;;
Oxytetracycline;CC1(C2C(C3C(C(=O)C(=C(C3(C(=O)C2=C(C4=C1C=CC=C4O)O)O)O)C(=O)N)N(C)C)O)O;58,0;;
Paclitaxel;O1C2CC(O)C3(C(C(OC(=O)c4ccccc4)C4(O)CC(OC(=O)C(O)C(NC(=O)c5ccccc5)c5ccccc5)C(=C(C4(C)C)C(OC(=O)C)C3=O)C)C2(OC(=O)C)C1)C;6,5;;
Paliperidone;Fc1cc2onc(c2cc1)C1CCN(CC1)CCC=1C(=O)N2C(=NC=1C)C(O)CCC2;28,0;;
Palonosetron;O=C1N(CC2CCCc3c2c1ccc3)C1C2CCN(C1)CC2;97,0;;
Pamidronate;P(O)(O)(=O)C(P(O)(O)=O)(O)CCN;1,0;;
Pancuronium;O(C(=O)C)C1C2(C(CC1[N+]1(CCCCC1)C)C1C(CC2)C2(CC([N+]3(CCCCC3)C)C(OC(=O)C)CC2CC1)C)C;0,0;;
Paricalcitol;OC1CC(O)CC(C1)=CC=C1C2CCC(C(C=CC(C(O)(C)C)C)C)C2(CCC1)C;72,0;;
Paromomycin;O1C(CN)C(O)C(O)C(N)C1OC1C(O)C(OC1CO)OC1C(OC2OC(CO)C(O)C(O)C2N)C(N)CC(N)C1O;2,0;;
Paroxetine;Fc1ccc(cc1)C1CCNCC1COc1cc2OCOc2cc1;50,0;;
Pefloxacin;Fc1cc2c(N(C=C(C(O)=O)C2=O)CC)cc1N1CCN(CC1)C;95,0;;
Penbutolol;O(CC(O)CNC(C)(C)C)c1ccccc1C1CCCC1;93,0;;
Penciclovir;O=C1N=C(Nc2n(cnc12)CCC(CO)CO)N;1,5;;
Penclomedine;Clc1c(OC)c(Cl)c(OC)nc1C(Cl)(Cl)Cl;49,0;;
Penicillamine;SC(C(N)C(O)=O)(C)C;50,0;;
Penicillin_G;S1C2N(C(C(O)=O)C1(C)C)C(=O)C2NC(=O)Cc1ccccc1;30,0;;
Pentaerythritol Tetranitrate;C(C(CO[N+](=O)[O-])(CO[N+](=O)[O-])CO[N+](=O)[O-])O[N+](=O)[O-];60,0;;
pentamidine;O(CCCCCOc1ccc(cc1)C(N)=N)c1ccc(cc1)C(N)=N;0,0;;
Pentazocine;Oc1cc2c(CC3N(CCC2(C)C3C)CC=C(C)C)cc1;19,0;;
Pentobarbital;O=C1NC(=O)NC(=O)C1(C(CCC)C)CC;80,0;;
Pentopril;O(C(=O)C(CC(C(=O)N1c2c(CC1C(O)=O)cccc2)C)C)CC;58,0;;
Pentosan;C1C(C(C(C(O1)OC2COC(C(C2O)O)OC3COC(C(C3O)O)O)O)O)O;3,0;;
Pentosan Polysulfate;S(OC1C(OS(O)(=O)=O)C(OCC1OC1OCC(O)C(OS(O)(=O)=O)C1OS(O)(=O)=O)O)(O)(=O)=O;3,0;;
Pentoxifylline;O=C1N(CCCCC(=O)C)C(=O)N(c2ncn(c12)C)C;22,5;;
Pergolide;S(CC1CC2C(N(C1)CCC)Cc1c3c2cccc3[nH]c1)C;38,0;;
Perhexiline;N1CCCCC1CC(C1CCCCC1)C1CCCCC1;73,5;;
Perindopril;O(C(=O)C(NC(C(=O)N1C2C(CC1C(O)=O)CCCC2)C)CCC)CC;70,0;;
Perindoprilat;OC(=O)C1N(C2C(C1)CCCC2)C(=O)C(NC(CCC)C(O)=O)C;25,0;;
Permethrin;ClC(Cl)=CC1C(C)(C)C1C(OCc1cc(Oc2ccccc2)ccc1)=O;60,0;;
Perphenazine;Clc1cc2N(c3c(Sc2cc1)cccc3)CCCN1CCN(CC1)CCO;40,0;;
Phenacetin;O(CC)c1ccc(NC(=O)C)cc1;25,0;;
Phencyclidine;N1(CCCCC1)C1(CCCCC1)c1ccccc1;72,0;;
Phenformin;N(=C(N=C(N)N)N)CCc1ccccc1;55,0;;
Phenindione;O=C1c2c(cccc2)C(=O)C1c1ccccc1;97,0;;
Pheniramine;CN(C)CCC(C1=CC=CC=C1)C2=CC=CC=N2;99,0;;
Phenobarbital;O=C1NC(=O)NC(=O)C1(CC)c1ccccc1;97,0;;
Phenoperidine;O(C(=O)C1(CCN(CC1)CCC(O)c1ccccc1)c1ccccc1)CC;20,0;;
Phenoxybenzamine;ClCCN(Cc1ccccc1)C(COc1ccccc1)C;25,0;;
Phenylbutazone;O=C1C(N(N(C1=O)c1ccccc1)c1ccccc1)CCCC;90,0;;
Phenylbutyrate;OC(=O)CCCc1ccccc1;78,0;;
Phenylephrine;Oc1cc(ccc1)C(O)CNC;36,5;;
phenylpropanolamine;OC(C(N)C)c1ccccc1;95,0;;
Phenytoin;O=C1NNC(=O)C1(c1ccccc1)c1ccccc1;87,5;;
Physostigmine;O(C(=O)NC)c1cc2c(N(C3N(CCC23C)C)C)cc1;10,0;;
Pimecrolimus;ClC1CCC(CC1OC)C=C(C)C1OC(=O)C2N(CCCC2)C(=O)C(=O)C2(OC(C(OC)CC2C)C(OC)CC(CC(=CC(CC)C(=O)CC(O)C1C)C)C)O;0,0;;
Pimexone;O1c2c(ccc(OC)c2CN2CCCCC2)C(=O)c2c1cccc2;65,0;;
Pimozide;Fc1ccc(cc1)C(CCCN1CCC(N2c3c(NC2=O)cccc3)CC1)c1ccc(F)cc1;42,5;;
Pinacidil;n1ccc(NC(=NC#N)NC(C(C)(C)C)C)cc1;57,0;;
Pindolol;O(CC(O)CNC(C)C)c1c2c([nH]cc2)ccc1;80,3;;
Pioglitazone;S1C(Cc2ccc(OCCc3ncc(cc3)CC)cc2)C(=O)NC1=O;83,0;;
Pipemidic_acid;O=C1c2c(nc(nc2)N2CCNCC2)N(C=C1C(O)=O)CC;93,0;;
Piperacillin;S1C2N(C(C(O)=O)C1(C)C)C(=O)C2NC(=O)C(NC(=O)N1CCN(CC)C(=O)C1=O)c1ccccc1;0,0;;
Pipotiazine;S1c2c(N(c3c1cccc3)CCCN1CCC(CC1)CCO)cc(S(=O)(=O)N(C)C)cc2;26,0;;
Pirazolac;Clc1ccc(cc1)-c1cn(nc1CC(O)=O)-c1ccc(F)cc1;93,5;;
Pirenzepine;O=C1Nc2cccnc2N(c2c1cccc2)C(=O)CN1CCN(CC1)C;14,0;;
Piretanide;S(=O)(=O)(N)c1cc(cc(N2CCCC2)c1Oc1ccccc1)C(O)=O;91,0;;
Piritrexim;O(C)c1ccc(OC)cc1Cc1nc2c(nc1)c(C)c(nc2N)N;68,0;;
Pirmenol;OC(CCCN1C(CCCC1C)C)(c1ccccc1)c1ncccc1;83,0;;
Piroxicam;S1(=O)(=O)N(C)C(C(=O)Nc2ncccc2)=C(O)c2c1cccc2;99,0;;
Piroximone;O=C1NC(C(=O)c2ccncc2)=C(N1)CC;81,0;;
Pivampicillin;S1C2N(C(C(OCOC(=O)C(C)(C)C)=O)C1(C)C)C(=O)C2NC(=O)C(N)c1ccccc1;30,9;;
Pizotyline;s1c2c(cc1)C(c1c(CC2)cccc1)=C1CCN(CC1)C;78,0;;
Porfimer;O(C(C)c1c2[nH]c(C=c3[nH]c(=CC4=NC(=CC5=NC(=C2)C(C)=C5CCC(O)=O)C(CCC(O)=O)=C4C)c(C)c3C(O)C)c1C)C(C)c1c=2[nH]c(=CC3=NC(=CC4=NC(=Cc5[nH]c(C=2)c(C)c5C(O)C)C(C)=C4CCC(O)=O)C(CCC(O)=O)=C3C)c1C;0,0;;
Posaconazole;Fc1cc(F)ccc1C1(OCC(C1)COc1ccc(N2CCN(CC2)c2ccc(N3C=NN(C(C(O)C)CC)C3=O)cc2)cc1)Cn1ncnc1;78,7;;
Practolol;O(CC(O)CNC(C)C)c1ccc(NC(=O)C)cc1;99,0;;
Pramipexole;s1c2CC(NCCC)CCc2nc1N;91,5;;
Pravastatin;O(C(=O)C(CC)C)C1C2C(=CC(O)C1)C=CC(C)C2CCC(O)CC(O)CC(O)=O;18,0;;
Praziquantel;O=C1N2C(c3c(CC2)cccc3)CN(C1)C(=O)C1CCCCC1;7,0;;
Prazosin;o1cccc1C(=O)N1CCN(CC1)c1nc(N)c2cc(OC)c(OC)cc2n1;64,0;;
Prednisolone;OC1(CCC2C3C(C4(C(=CC(=O)C=C4)CC3)C)C(O)CC12C)C(=O)CO;82,0;;
Prednisolone phosphate;P(OCC(=O)C1(O)CCC2C3C(C4(C(=CC(=O)C=C4)CC3)C)C(O)CC12C)(O)(O)=O;82,0;;
Prednisone;OC1(CCC2C3C(C4(C(=CC(=O)C=C4)CC3)C)C(=O)CC12C)C(=O)CO;70,0;;
Pregabalin;OC(=O)CC(CC(C)C)CN;90,0;;
Prenalterol;O(CC(O)CNC(C)C)c1ccc(O)cc1;33,0;;
Primaquine;O(C)c1cc(NC(CCCN)C)c2ncccc2c1;96,0;;
Primidone;O=C1NCNC(=O)C1(CC)c1ccccc1;96,0;;
Probenecid;S(=O)(=O)(N(CCC)CCC)c1ccc(cc1)C(O)=O;99,0;;
Probucol;S(C(Sc1cc(C(C)(C)C)c(O)c(c1)C(C)(C)C)(C)C)c1cc(C(C)(C)C)c(O)c(c1)C(C)(C)C;5,0;;
Procainamide;O=C(NCCN(CC)CC)c1ccc(N)cc1;84,0;;
Procaine;O(C(=O)c1ccc(N)cc1)CCN(CC)CC;0,0;;
Procaterol;Oc1c2NC(=O)C=Cc2c(cc1)C(O)C(NC(C)C)CC;40,0;;
Prochlorperazine;Clc1cc2N(c3c(Sc2cc1)cccc3)CCCN1CCN(CC1)C;15,0;;
Progabide;Clc1ccc(cc1)C(NCCCC(=O)N)=C1C=C(F)C=CC1=O;60,0;;
Progesterone;O=C1CCC2(C3C(C4CCC(C(=O)C)C4(CC3)C)CCC2=C1)C;25,0;;
Proguanil;Clc1ccc(NC(=NC(=NC(C)C)N)N)cc1;60,0;;
Promazine;S1c2c(N(c3c1cccc3)CCCN(C)C)cccc2;16,3;;
Promethazine;S1c2c(N(c3c1cccc3)CC(N(C)C)C)cccc2;25,0;;
Propafenone;O(CC(O)CNCCC)c1ccccc1C(=O)CCc1ccccc1;12,0;;
Propiomazine;S1c2c(N(c3c1cccc3)CC(N(C)C)C)cc(cc2)C(=O)CC;33,0;;
Propranolol;O(CC(O)CNC(C)C)c1c2c(ccc1)cccc2;26,0;;
Propylthiouracil;S=C1NC(=CC(=O)N1)CCC;86,3;;
Proquazone;O=C1N=C(c2c(N1C(C)C)cc(cc2)C)c1ccccc1;7,0;;
Proscillaridin;O1C(C)C(O)C(O)C(O)C1OC1CCC2(C3C(CCC2=C1)C1(O)CCC(C1(CC3)C)C=1C=CC(OC=1)=O)C;7,0;;
Prothionamide;S=C(N)c1cc(ncc1)CCC;99,0;;
Protriptyline;N(CCCC1c2c(C=Cc3c1cccc3)cccc2)C;85,0;;
Proxyphylline;O=C1N(C)C(=O)N(c2ncn(c12)CC(O)C)C;99,0;;
Pyrazinamide;O=C(N)c1nccnc1;90,0;;
Pyridostigmine;O(C(=O)N(C)C)c1ccc[n+](c1)C;7,6;;
Pyrimethamine;Clc1ccc(cc1)-c1c(nc(nc1N)N)CC;90,0;;
Pyrvinium;[n+]1(c2c(cc(N(C)C)cc2)ccc1C=Cc1cc(n(c1C)-c1ccccc1)C)C;5,0;;
Quazepam;Clc1cc2c(N(CC(F)(F)F)C(=S)CN=C2c2ccccc2F)cc1;32,0;;
Quetiapine;S1c2c(cccc2)C(=Nc2c1cccc2)N1CCN(CC1)CCOCCO;100,0;;
Quinagolide;S(=O)(=O)(NC1CC2C(N(C1)CCC)Cc1c(C2)c(O)ccc1)N(CC)CC;99,0;;
Quinapril;O(C(=O)C(NC(C(=O)N1CCc2c(cccc2)C1C(O)=O)C)CCc1ccccc1)CC;60,0;;
Quinaprilat;OC(=O)C1N(c2c(CC1)cccc2)C(=O)C(NC(CCc1ccccc1)C(O)=O)C;52,0;;
Quinidine;O(C)c1cc2c(nccc2C(O)C2N3CC(C(C2)CC3)C=C)cc1;76,3;;
Rabeprazole;S(=O)(Cc1nccc(OCCCOC)c1C)c1[nH]c2c(n1)cccc2;52,0;;
Raffinose;O1C(OC2OC(COC3OC(CO)C(O)C(O)C3O)C(O)C(O)C2O)(CO)C(O)C(O)C1CO;0,0;;
Raloxifene;s1c2c(ccc(O)c2)c(C(=O)c2ccc(OCCN3CCCCC3)cc2)c1-c1ccc(O)cc1;2,0;;
Raltegravir;Fc1ccc(cc1)CNC(O)=C1N=C(N(C)C(=O)C1=O)C(NC(=O)c1oc(nn1)C)(C)C;45,9;;
Raltitrexed;s1c(ccc1N(Cc1cc2c(NC(=NC2=O)C)cc1)C)C(=O)NC(CCC(O)=O)C(O)=O;15,0;;
Ramelteon;O1CCc2c3c(CCC3CCNC(=O)CC)ccc12;1,8;;
Ramipril;O(C(=O)C(NC(C(=O)N1C2C(CC1C(O)=O)CCC2)C)CCc1ccccc1)CC;33,3;;
Ramiprilat;OC(=O)C1N(C2C(C1)CCC2)C(=O)C(NC(CCc1ccccc1)C(O)=O)C;44,0;;
Ramixotidine;O=n1ccccc1C(=O)NCCSCc2ccc(CN(C)C)o2;60,0;;
Ranitidine;S(Cc1oc(cc1)CN(C)C)CCNC(NC)=C[N+](=O)[O-];51,0;;
Ranolazine;O(CC(O)CN1CCN(CC1)CC(=O)Nc1c(cccc1C)C)c1ccccc1OC;42,5;;
Rasagiline;N(CC#C)C1CCc2c1cccc2;36,0;;
Reboxetine;O1CCNCC1C(Oc1ccccc1OCC)c1ccccc1;94,0;;
Recainam;O=C(Nc1c(cccc1C)C)NCCCNC(C)C;73,0;;
Remikiren;S(=O)(=O)(C(C)(C)C)CC(Cc1ccccc1)C(=O)NC(Cc1[nH]cnc1)C(=O)NC(CC1CCCCC1)C(O)C(O)C1CC1;1,0;;
Remoxipride;Brc1ccc(OC)c(C(=O)NCC2N(CCC2)CC)c1OC;93,0;;
Repaglinide;O(CC)c1cc(ccc1C(O)=O)CC(=O)NC(CC(C)C)c1ccccc1N1CCCCC1;56,0;;
Reproterol;Oc1cc(cc(O)c1)C(O)CNCCCn1c2c(nc1)N(C)C(=O)N(C)C2=O;50,0;;
Reserpine;O(C)C1C(C2C(CC1OC(=O)c1cc(OC)c(OC)c(OC)c1)CN1C(C3=Nc4c(C3CC1)cccc4OC)C2)C(OC)=O;50,0;;
Ribavirin;O1C(CO)C(O)C(O)C1n1nc(nc1)C(=O)N;62,0;;
Rifabutin;O1c2c3c4c(c(O)c2C)C(=O)C(NC(=O)C(=CC=CC(C)C(O)C(C)C(O)C(C)C(OC(=O)C)C(C)C(OC)C=COC1(C)C3=O)C)=C1NC2(N=C14)CCN(CC2)CC(C)C;20,0;;
Rifampin;O1c2c3c4c(c(O)c2C)c(O)c(NC(=O)C(=CC=CC(C)C(O)C(C)C(O)C(C)C(OC(=O)C)C(C)C(OC)C=COC1(C)C3=O)C)c(C=NN1CCN(CC1)C)c4O;81,3;;
Rifapentine;O1c2c3c4c(c(O)c2C)c(O)c(NC(=O)C(=CC=CC(C)C(O)C(C)C(O)C(C)C(OC(=O)C)C(C)C(OC)C=COC1(C)C3=O)C)c(C=NN1CCN(CC1)C1CCCC1)c4O;70,0;;
Rifaximin;O1c2c3c4c(c(O)c2C)c(O)c(NC(=O)C(=CC=CC(C)C(O)C(C)C(O)C(C)C(OC(=O)C)C(C)C(OC)C=COC1(C)C3=O)C)c1n2c(nc14)C=C(C=C2)C;0,0;;
Riluzole;s1c2cc(OC(F)(F)F)ccc2nc1N;62,0;;
Risedronate;P(O)(O)(=O)C(P(O)(O)=O)(O)Cc1cccnc1;0,8;;
Risperidone;Fc1cc2onc(c2cc1)C1CCN(CC1)CCC=1C(=O)N2C(=NC=1C)CCCC2;68,0;;
Ritodrine;Oc1ccc(cc1)C(O)C(NCCc1ccc(O)cc1)C;30,0;;
Ritonavir;s1cncc1COC(=O)NC(Cc1ccccc1)C(O)CC(NC(=O)C(NC(=O)N(Cc1nc(sc1)C(C)C)C)C(C)C)Cc1ccccc1;70,0;;
Rivastigmine;O(C(=O)N(CC)C)c1cc(ccc1)C(N(C)C)C;69,0;;
Rizatriptan;[nH]1cc(c2cc(ccc12)Cn1ncnc1)CCN(C)C;45,0;;
Rofecoxib;S(=O)(=O)(C)c1ccc(cc1)C=1COC(=O)C=1c1ccccc1;93,0;;
Rolipram;O(c1cc(ccc1OC)C1CC(=O)NC1)C1CCCC1;75,0;;
Ropinirole;O=C1Nc2c(C1)c(ccc2)CCN(CCC)CCC;52,5;;
Roquinimex;OC=1N(c2c(cccc2)C(=O)C=1C(=O)N(C)c1ccccc1)C;99,0;;
Rosaramicin;O1C(OC2C(C)C(O)CC(OC(CC)C(C3OC3(C=CC(=O)C(CC2CC=O)C)C)C)=O)C(O)C(N(C)C)CC1C;32,0;;
Rosiglitazone;S1C(Cc2ccc(OCCN(C)c3ncccc3)cc2)C(=O)NC1=O;99,0;;
Rosuvastatin;S(=O)(=O)(N(C)c1nc(-c2ccc(F)cc2)c(C=CC(O)CC(O)CC(O)=O)c(n1)C(C)C)C;20,0;;
Roxithromycin;O1C(CC)C(O)(C)C(O)C(C)C(=NOCOCCOC)C(CC(O)(C)C(OC2OC(CC(N(C)C)C2O)C)C(C)C(OC2OC(C)C(O)C(OC)(C2)C)C(C)C1=O)C;50,0;;
Rufinamide;Fc1cccc(F)c1Cn1nnc(c1)C(=O)N;85,0;;
Saccharin;S1(=O)(=O)NC(=O)c2c1cccc2;84,0;;
S-Adenosylmethionine;S(=[CH]C1OC(n2c3ncnc(N)c3nc2)C(O)C1O)(CCC(N)C(O)=O)C;5,0;;
Salicylic Acid;Oc1ccccc1C(O)=O;99,0;;
Scopolamine;O1C2C3N(C(CC(OC(=O)C(CO)c4ccccc4)C3)C12)C;27,0;;
"Selegiline; (-)-Deprenil";N(C(Cc1ccccc1)C)(CC#C)C;4,4;;
Sematilide;S(=O)(=O)(Nc1ccc(cc1)C(=O)NCCN(CC)CC)C;61,3;;
Sertaconazole;Clc1cc(Cl)ccc1C(OCc1c2c(sc1)c(Cl)ccc2)Cn1ccnc1;0,0;;
Sertindole;Clc1cc2c(n(cc2C2CCN(CC2)CCN2CCNC2=O)-c2ccc(F)cc2)cc1;74,5;;
Sertraline;Clc1cc(ccc1Cl)C1CCC(NC)c2c1cccc2;44,0;;
Sildenafil;S(=O)(=O)(N1CCN(CC1)C)c1cc(C=2NC(=O)c3n(nc(c3N=2)CCC)C)c(OCC)cc1;39,5;;
Silodosin;FC(F)(F)COc1ccccc1OCCNC(Cc1cc(c2N(CCc2c1)CCCO)C(=O)N)C;32,0;;
Simvastatin;O1C(CC(O)CC1=O)CCC1C2C(=CC(CC2OC(=O)C(CC)(C)C)C)C=CC1C;4,3;;
Sirolimus;O1C(CC(=O)C(C=C(C)C(O)C(OC)C(=O)C(CC(C=CC=CC=C(C)C(OC)CC2OC(O)(C(=O)C(=O)N3C(CCCC3)C1=O)C(CC2)C)C)C)C)C(CC1CC(OC)C(O)CC1)C;15,0;;
Sitafloxacin;Clc1c2N(C=C(C(O)=O)C(=O)c2cc(F)c1N1CC2(CC2)C(N)C1)C1CC1F;89,0;;
Sitagliptin;Fc1cc(F)c(F)cc1CC(N)CC(=O)N1CCn2c(nnc2C(F)(F)F)C1;87,0;;
Solifenacin;O(C(=O)N1CCc2c(cccc2)C1c1ccccc1)C1C2CCN(C1)CC2;90,0;;
Sorafenib;Clc1ccc(NC(=O)Nc2ccc(Oc3cc(ncc3)C(=O)NC)cc2)cc1C(F)(F)F;41,0;;
Sotalol;CC(C)NCC(C1=CC=C(C=C1)NS(=O)(=O)C)O;95,0;;
Sparfloxacin;Fc1c(N2CC(NC(C2)C)C)c(F)c2N(C=C(C(O)=O)C(=O)c2c1N)C1CC1;92,0;;
Spiramycin;O1C(C)C(OC2OC(C)C(O)C(O)(C2)C)C(N(C)C)C(O)C1OC1C(OC)C(O)CC(OC(CC=CC=CC(OC2OC(C)C(N(C)C)CC2)C(CC1CC=O)C)C)=O;35,0;;
Spironolactone;S(C(=O)C)C1C2C3CCC4(OC(=O)CC4)C3(CCC2C2(C(C1)=CC(=O)CC2)C)C;74,0;;
Stavudine;O1C(C=CC1N1C=C(C)C(=O)NC1=O)CO;81,0;;
Streptomycin;O1C(CO)C(O)C(O)C(NC)C1OC1C(O)(C=O)C(OC1OC1C(NC(N)=N)C(O)C(NC(N)=N)C(O)C1O)C;0,0;;
Streptozocin;O1C(CO)C(O)C(O)C(NC(=O)N(N=O)C)C1O;21,0;;
Succimer;SC(C(S)C(O)=O)C(O)=O;20,0;;
Succinylcholine;O(C(=O)CCC(OCC[N+](C)(C)C)=O)CC[N+](C)(C)C;0,0;;
Sufentanil;s1cccc1CCN1CCC(N(C(=O)CC)c2ccccc2)(CC1)COC;0,0;;
Sulfadiazine;S(=O)(=O)(Nc1ncccn1)c1ccc(N)cc1;90,0;;
Sulfadimethoxine;S(=O)(=O)(Nc1nc(OC)nc(OC)c1)c1ccc(N)cc1;58,3;;
Sulfamerazine;S(=O)(=O)(Nc1nc(ccn1)C)c1ccc(N)cc1;81,0;;
Sulfamethazine;S(=O)(=O)(Nc1nc(cc(n1)C)C)c1ccc(N)cc1;86,5;;
Sulfamethoxazole;S(=O)(=O)(Nc1noc(c1)C)c1ccc(N)cc1;99,0;;
Sulfasalazine;S(=O)(=O)(Nc1ncccc1)c1ccc(N=Nc2cc(C(O)=O)c(O)cc2)cc1;15,0;;
Sulfinpyrazone;S(=O)(CCC1C(=O)N(N(C1=O)c1ccccc1)c1ccccc1)c1ccccc1;99,0;;
Sulfisoxazole;CC1=C(ON=C1C)NS(=O)(=O)C2=CC=C(C=C2)N;96,0;;
Sulindac;S(=O)(C)c1ccc(cc1)C=C1c2c(cc(F)cc2)C(CC(O)=O)=C1C;89,0;;
Sumatriptan;S(=O)(=O)(NC)Cc1cc2c([nH]cc2CCN(C)C)cc1;14,5;;
Sunitinib;Fc1cc2c(NC(=O)C2=Cc2[nH]c(C)c(C(=O)NCCN(CC)CC)c2C)cc1;54,5;;
Suprofen;s1cccc1C(=O)c1ccc(cc1)C(C(O)=O)C;92,0;;
Suramin;S(O)(=O)(=O)c1c2c(cc(S(O)(=O)=O)c1)c(S(O)(=O)=O)ccc2NC(=O)c1cc(NC(=O)c2cc(NC(=O)Nc3cc(ccc3)C(=O)Nc3cc(ccc3C)C(=O)Nc3c4c(cc(S(O)(=O)=O)cc4S(O)(=O)=O)c(S(O)(=O)=O)cc3)ccc2)c(cc1)C;0,0;;
Tacrine;n1c2c(CCCC2)c(N)c2c1cccc2;17,0;;
Tacrolimus;O1C(C(=CC2CC(OC)C(O)CC2)C)C(C)C(O)CC(=O)C(C=C(CC(CC(OC)C2OC(O)(C(=O)C(=O)N3C(CCCC3)C1=O)C(CC2OC)C)C)C)CC=C;18,0;;
Tadalafil;O1c2cc(ccc2OC1)C1N2C(Cc3c1[nH]c1c3cccc1)C(=O)N(CC2=O)C;80,0;;
Talinolol;O(CC(O)CNC(C)(C)C)c1ccc(NC(=O)NC2CCCCC2)cc1;55,0;;
Tamsulosin;S(=O)(=O)(N)c1cc(ccc1OC)CC(NCCOc1ccccc1OCC)C;99,7;;
Tasosartan;O=C1N(c2nc(nc(c2CC1)C)C)Cc1ccc(cc1)-c1ccccc1-c1nn[nH]n1;50,0;;
Tegaserod;O(C)c1cc2c([nH]cc2C=NNC(NCCCCC)=N)cc1;10,5;;
Telbivudine;O1C(CO)C(O)CC1N1C=C(C)C(=O)NC1=O;68,0;;
Telenzepine;s1cc2c(N(c3c(NC2=O)cccc3)C(=O)CN2CCN(CC2)C)c1C;54,0;;
Telithromycin;O1C(CC)C2(OC(=O)N(C2C(C)C(=O)C(CC(OC)(C)C(OC2OC(CC(N(C)C)C2O)C)C(C)C(=O)C(C)C1=O)C)CCCCn1cc(nc1)-c1cccnc1)C;57,0;;
Telmisartan;CCCc1nc2c(C)cc(cc2n1Cc3ccc(cc3)c4ccccc4C(=O)O)c5nc6ccccc6n5C;53,7;;
Temafloxacin;Fc1cc(F)ccc1N1C=C(C(O)=O)C(=O)c2cc(F)c(N3CC(NCC3)C)cc12;95,0;;
Temazepam;Clc1cc2c(N(C)C(=O)C(O)N=C2c2ccccc2)cc1;93,5;;
Temozolomide;O=C1N(N=Nc2c1[nH]nc2C(=O)N)C;98,0;;
Teniposide;s1cccc1C1OC2C(OC(OC3C4C(C(c5c3cc3OCOc3c5)c3cc(OC)c(O)c(OC)c3)C(OC4)=O)C(O)C2O)CO1;41,0;;
Tenofovir;P(O)(O)(=O)COC(Cn1c2ncnc(N)c2nc1)C;25,0;;
Tenoxicam;s1c2c(S(=O)(=O)N(C)C(C(=O)Nc3ncccc3)=C2O)cc1;99,0;;
Terazosin;O1CCCC1C(=O)N1CCN(CC1)c1nc(N)c2cc(OC)c(OC)cc2n1;90,0;;
Terbinafine;N(Cc1c2c(ccc1)cccc2)(CC=CC#CC(C)(C)C)C;60,0;;
Terbutaline;Oc1cc(cc(O)c1)C(O)CNC(C)(C)C;14,0;;
Terfenadine;OC(C1CCN(CC1)CCCC(O)c1ccc(cc1)C(C)(C)C)(c1ccccc1)c1ccccc1;1,0;;
Terguride;O=C(NC1CC2C(N(C1)C)Cc1c3c2cccc3[nH]c1)N(CC)CC;30,0;;
Terodiline;N(C(C)(C)C)C(CC(c1ccccc1)c1ccccc1)C;82,0;;
Tertatolol;S1c2c(CCC1)cccc2OCC(O)CNC(C)(C)C;60,0;;
Tesaglitazar;S(Oc1ccc(cc1)CCOc1ccc(cc1)CC(OCC)C(O)=O)(=O)(=O)C;99,0;;
Testosterone;OC1CCC2C3C(CCC12C)C1(C(=CC(=O)CC1)CC3)C;4,0;;
Tetrabenazine;O(C)c1cc2C3N(CC(CC(C)C)C(=O)C3)CCc2cc1OC;5,0;;
Tetracycline;CC1(O)C2CC3C(N(C)C)C(C(C(N)=O)=C(O)C3(O)C(C2=C(O)C4=C1C=CC=C4O)=O)=O;78,5;;
Thiamine;s1c[n+](Cc2cnc(nc2N)C)c(C)c1CCO;4,5;;
Thiocyanate;S=C=Nc1c2c(ccc1)cccc2;99,0;;
Thioguanine;S=C1N=C(Nc2nc[nH]c12)N;30,0;;
Thioridazine;S1c2c(N(c3c1cccc3)CCC1N(CCCC1)C)cc(SC)cc2;40,0;;
Tiagabine;s1ccc(C)c1C(=CCCN1CC(CCC1)C(O)=O)c1sccc1C;91,3;;
Tianeptine;Clc1cc2S(=O)(=O)N(c3c(cccc3)C(NCCCCCCC(O)=O)c2cc1)C;99,0;;
Tiapamil;S1(=O)(=O)CCCS(=O)(=O)C1(CCCN(CCc1cc(OC)c(OC)cc1)C)c1cc(OC)c(OC)cc1;42,5;;
Tiaprofenic Acid;s1c(ccc1C(C(O)=O)C)C(=O)c1ccccc1;90,0;;
Ticarcillin;CC1(C)SC2C(NC(=O)C(C(O)=O)c3cc[s]c3)C(=O)N2C1C(O)=O;0,0;;
Ticlopidine;Clc1ccccc1CN1CCc2sccc2C1;80,0;;
Tigecycline;CC(C)(C)NCC(=O)NC1=C(C2=C(CC3CC4C(C(=O)C(=C(C4(C(=O)C3=C2O)O)O)C(=O)N)N(C)C)C(=C1)N(C)C)O;0,0;;
Tilidine;O(C(=O)C1(CCC=CC1N(C)C)c1ccccc1)CC;6,8;;
Tiludronic Acid;Clc1ccc(SC(P(O)(O)=O)P(O)(O)=O)cc1;6,0;;
Timolol;s1nc(N2CCOCC2)c(OCC(O)CNC(C)(C)C)n1;60,5;;
Tinidazole;S(=O)(=O)(CCn1c(ncc1[N+](=O)[O-])C)CC;98,0;;
Tiopronin;SC(C(=O)NCC(O)=O)C;63,0;;
Tiotropium;s1cccc1C(O)(C(OC1CC2[N+](C(C1)C1OC12)(C)C)=O)c1sccc1;2,5;;
Tirofiban;S(=O)(=O)(NC(Cc1ccc(OCCCCC2CCNCC2)cc1)C(O)=O)CCCC;0,0;;
Tizanidine;Clc1ccc2nsnc2c1NC=1NCCN=1;30,5;;
Tobramycin;O1C(CO)C(O)C(N)C(O)C1OC1C(O)C(OC2OC(CN)C(O)CC2N)C(N)CC1N;1,0;;
Tocainide;O=C(Nc1c(cccc1C)C)C(N)C;100,0;;
Tolbutamide;S(=O)(=O)(NC(=O)NCCCC)c1ccc(cc1)C;85,0;;
Tolcapone;Oc1c([N+](=O)[O-])cc(cc1O)C(=O)c1ccc(cc1)C;63,5;;
Tolfenamic Acid;Clc1cccc(Nc2ccccc2C(O)=O)c1C;60,0;;
Toliprolol;O(CC(O)CNC(C)C)c1cc(ccc1)C;90,0;;
Tolmesoxide;S(=O)(C)c1cc(OC)c(OC)cc1C;85,0;;
Tolmetin;OC(=O)Cc1n(C)c(cc1)C(=O)c1ccc(cc1)C;95,0;;
Toloxatone;O1C(CN(c2cc(ccc2)C)C1=O)CO;56,0;;
Topiramate;S(OCC12OC(OC1C1OC(OC1CO2)(C)C)(C)C)(=O)(=O)N;75,0;;
Topotecan;O1CC2=C(C=C3N(Cc4c3nc3c(c4)c(CN(C)C)c(O)cc3)C2=O)C(O)(CC)C1=O;31,7;;
Toremifene;ClCCC(=C(c1ccc(OCCN(C)C)cc1)c1ccccc1)c1ccccc1;89,5;;
Torsemide;S(=O)(=O)(NC(=O)NC(C)C)c1cnccc1Nc1cc(ccc1)C;88,0;;
Tramadol;O(C)c1cc(ccc1)C1(O)CCCCC1CN(C)C;72,5;;
Trandolapril;O(C(=O)C(NC(C(=O)N1C2C(CC1C(O)=O)CCCC2)C)CCc1ccccc1)CC;10,0;;
Tranexamic_acid;OC(=O)C1CCC(CC1)CN;34,0;;
Tranylcypromine;NC1CC1c1ccccc1;50,0;;
Trapidil;n12ncnc1N=C(C=C2N(CC)CC)C;96,0;;
Trazodone;Clc1cc(N2CCN(CC2)CCCN2N=C3N(C=CC=C3)C2=O)ccc1;73,0;;
Treosulfan;S(OCC(O)C(O)COS(=O)(=O)C)(=O)(=O)C;97,0;;
TRH;O=C1NC(CC1)C(=O)NC(Cc1nc[nH]c1)C(=O)N1CCCC1C(=O)N;2,0;;
Triamcinolone;FC12C(C3CC(O)C(O)(C(=O)CO)C3(CC1O)C)CCC1=CC(=O)C=CC12C;23,0;;
Triamcinolone Acetonide;FC12C(C3CC4OC(OC4(C(=O)CO)C3(CC1O)C)(C)C)CCC1=CC(=O)C=CC12C;23,0;;
Triamterene;n1c(N)c2nc(-c3ccccc3)c(nc2nc1N)N;50,5;;
Triazolam;Clc1ccccc1C1=NC=C2N(c3c1cc(Cl)cc3)C(=NN2)C;44,0;;
Trichlormethiazide;Clc1cc2NC(NS(=O)(=O)c2cc1S(=O)(=O)N)C(Cl)Cl;60,0;;
Trientine;N(CCNCCN)CCN;92,5;;
Trihexyphenidyl;OC(CCN1CCCCC1)(C1CCCCC1)c1ccccc1;99,0;;
Trimazosin;O(C)c1c(OC)c2nc(nc(N)c2cc1OC)N1CCN(CC1)C(OCC(O)(C)C)=O;61,0;;
Trimethobenzamide;O(C)c1c(OC)cc(cc1OC)C(=O)NCc1ccc(OCCN(C)C)cc1;77,5;;
Trimethoprim;O(C)c1c(OC)cc(cc1OC)Cc1cnc(nc1N)N;96,5;;
Trimetrexate;O(C)c1c(OC)cc(NCc2cnc3nc(nc(N)c3c2C)N)cc1OC;45,0;;
Trimipramine;N(CC(CN1c2c(CCc3c1cccc3)cccc2)C)(C)C;40,5;;
Triprolidine;n1ccccc1C(=CCN1CCCC1)c1ccc(cc1)C;4,0;;
Trofosfamide;ClCCN1P(OCCC1)(=O)N(CCCl)CCCl;99,0;;
Troglitazone;S1C(Cc2ccc(OCC3(Cc4c(OC3)c(C)c(C)c(O)c4C)C)cc2)C(=O)NC1=O;45,0;;
Trospium Chloride;C1CC[N+]2(C1)C3CCC2CC(C3)OC(=O)C(C4=CC=CC=C4)(C5=CC=CC=C5)O;10,0;;
Trovafloxacin;Fc1cc(F)ccc1N1C=C(C(O)=O)C(=O)c2cc(F)c(nc12)N1CC2C(C1)C2N;91,0;;
Tulobuterol;Clc1ccccc1C(O)CNC(C)(C)C;48,0;;
Urapidil;O(C)c1ccccc1N1CCN(CC1)CCCNC=1N(C)C(=O)N(C)C(=O)C=1;78,0;;
Uridine;OCC1OC(C(O)C1O)N2C=CC(=O)NC2=O;8,0;;
Valdecoxib;S(=O)(=O)(N)c1ccc(cc1)-c1c(noc1C)-c1ccccc1;83,0;;
Valganciclovir;O=C1N=C(Nc2n(cnc12)COC(COC(=O)C(N)C(C)C)CO)N;60,5;;
Valproic Acid;OC(=O)C(CCC)CCC;99,0;;
Valrubicin;FC(F)(F)C(=O)NC1CC(OC(C)C1O)OC1CC(O)(Cc2c1c(O)c1c(C(=O)c3c(C1=O)c(OC)ccc3)c2O)C(=O)COC(=O)CCCC;0,0;;
Valsartan;OC(=O)C(N(Cc1ccc(cc1)-c1ccccc1-c1[nH]nnn1)C(=O)CCCC)C(C)C;24,0;;
Vancomycin;Clc1c2Oc3cc4C(NC(=O)C(NC(=O)C(NC(=O)C(NC)CC(C)C)C(O)c(c1)cc2)CC(=O)N)C(=O)NC1c2cc(-c5c(cc(O)cc5O)C(NC(=O)C(NC1=O)C(O)c1cc(Cl)c(Oc(c4)c3OC3OC(CO)C(O)C(O)C3OC3OC(C)C(O)C(N)(C3)C)cc1)C(O)=O)c(O)cc2;5,0;;
Vardenafil;S(=O)(=O)(N1CCN(CC1)CC)c1cc(C2=NC(=O)c3n(N2)c(nc3C)CCC)c(OCC)cc1;15,0;;
Varenicline ;n1c2c(ncc1)cc1C3CC(c1c2)CNC3;87,0;;
Vecuronium;O(C(=O)C)C1C2(C(CC1[N+]1(CCCCC1)C)C1C(CC2)C2(CC(N3CCCCC3)C(OC(=O)C)CC2CC1)C)C;0,0;;
Venlafaxine;O(C)c1ccc(cc1)C(CN(C)C)C1(O)CCCCC1;43,5;;
Verapamil;O(C)c1cc(ccc1OC)C(C(C)C)(CCCN(CCc1cc(OC)c(OC)cc1)C)C#N;28,6;;
Vidarabine;O1C(CO)C(O)C(O)C1n1c2ncnc(N)c2nc1;0,0;;
Vigabatrin;OC(=O)CCC(N)C=C;92,0;;
Vildagliptin;OC12CC3(NCC(=O)N4CCCC4C#N)CC(C1)CC(C3)C2;85,0;;
Viloxazine (R);O1CCNCC1COc1ccccc1OCC;85,0;;
Vinblastine;O(C(=O)C)C1C2(C3N(CCC34C(N(c3cc(OC)c(cc34)C3(CC4CC(O)(CN(C4)CCc4c3[nH]c3c4cccc3)CC)C(OC)=O)C)C1(O)C(OC)=O)CC=C2)CC;0,0;;
Vincamine;OC1(n2c3C4N(CCCC4(C1)CC)CCc3c1c2cccc1)C(OC)=O;20,0;;
Vinorelbine;O(C(=O)C)C1C2(C3N(CCC34C(N(c3cc(OC)c(cc34)C3(CC4C=C(CN(C4)Cc4c3[nH]c3c4cccc3)CC)C(OC)=O)C)C1(O)C(OC)=O)CC=C2)CC;35,0;;
Vinpocetine;O(C(=O)C=1n2c3C4N(CCCC4(C=1)CC)CCc3c1c2cccc1)CC;56,6;;
Vitamin C;O1C(C(O)CO)C(=O)C(O)=C1O;99,5;;
Voglibose;OC1C(O)C(O)(CC(NC(CO)CO)C1O)CO;6,0;;
Voriconazole;Fc1cc(F)ccc1C(O)(C(C)c1ncncc1F)Cn1ncnc1;91,5;;
Vorinostat;O=C(Nc1ccccc1)CCCCCCC(=O)NO;43,0;;
Warfarin;O1c2c(cccc2)C(O)=C(C(CC(=O)C)c2ccccc2)C1=O;91,5;;
Xamoterol;O1CCN(CC1)C(=O)NCCNCC(O)COc1ccc(O)cc1;7,0;;
Ximelagatran;O(C(=O)CNC(C(=O)N1CCC1C(=O)NCc1ccc(cc1)C(NO)=N)C1CCCCC1)CC;20,5;;
Xipamide;Clc1cc(O)c(cc1S(=O)(=O)N)C(=O)Nc1c(cccc1C)C;82,5;;
Yohimbine;OC1CCC2C(CC3N(C2)CCc2c3[nH]c3c2cccc3)C1C(OC)=O;33,0;;
Zalcitabine;O1C(CCC1N1C=CC(=NC1=O)N)CO;84,0;;
Zaleplon;O=C(N(CC)c1cc(ccc1)C=1n2ncc(c2N=CC=1)C#N)C;30,5;;
Zanamivir;O1C(C(O)C(O)CO)C(NC(=O)C)C(NC(N)=N)C=C1C(O)=O;2,0;;
Zimelidine;Brc1ccc(cc1)C(=CCN(C)C)c1cccnc1;29,0;;
Ziprasidone;Clc1cc2NC(=O)Cc2cc1CCN1CCN(CC1)c1nsc2c1cccc2;60,0;;
Zolmitriptan;O1CC(NC1=O)Cc1cc2c([nH]cc2CCN(C)C)cc1;41,7;;
Zolpidem;O=C(N(C)C)Cc1n2C=C(C=Cc2nc1-c1ccc(cc1)C)C;70,7;;
Zonisamide;S(=O)(=O)(N)Cc1noc2c1cccc2;99,5;;
Zotepine;Clc1cc2c(Sc3c(C=C2OCCN(C)C)cccc3)cc1;10,0;;
Zuclopenthixol;Clc1cc2c(Sc3c(cccc3)C2=CCCN2CCN(CC2)CCO)cc1;49,0;;
